firstName,lastName,itin,mobileNumber,personalEmail,dateOfBirth
Phineas,Nezey,166-11-7121,965-973-5070,pnezey0@domainmarket.com,05/25/1981
Geoffrey,Jindrich,469-93-0397,236-245-1132,gjindrich1@multiply.com,03/17/2000
Garfield,Boylund,739-28-8986,152-702-1484,gboylund2@hhs.gov,03/22/1937
Shanon,Bulgen,834-66-2695,652-827-5025,sbulgen3@dagondesign.com,08/28/1970
Janna,Batcheldor,182-57-2767,961-106-9473,jbatcheldor4@bloglines.com,02/27/1988
Karlis,Naisbitt,519-35-8976,646-891-1303,knaisbitt5@state.gov,03/27/1952
Robbie,Willimott,658-75-5202,234-148-2551,rwillimott6@theguardian.com,07/19/1955
Orelle,Goare,269-05-6653,150-455-4440,ogoare7@deviantart.com,08/11/1917
Rolf,Kob,393-32-5417,257-809-2469,rkob8@sourceforge.net,07/05/2002
Tailor,Revan,507-32-0197,222-943-0874,trevan9@newsvine.com,04/11/2011
Rhianon,Handrahan,565-74-5790,323-535-9404,rhandrahana@sphinn.com,12/17/1959
Lilla,Osmon,329-66-7434,906-904-7452,losmonb@homestead.com,08/27/1946
Cy,Arkil,598-10-9005,134-847-7748,carkilc@usnews.com,08/11/1916
Clotilda,Lippett,293-14-3646,514-154-8180,clippettd@cornell.edu,12/18/1994
Jasen,Honacker,227-99-8465,430-780-0798,jhonackere@aboutads.info,04/26/1915
Carroll,Gotmann,656-24-1499,755-697-3338,cgotmannf@tripod.com,02/11/1913
Trace,Freke,721-53-7399,102-284-1285,tfrekeg@cornell.edu,10/14/1915
Ulrikaumeko,Ward,114-13-5621,716-282-4840,uwardh@ucoz.ru,11/28/1968
Travus,Sibbet,710-82-3420,280-912-7620,tsibbeti@webmd.com,04/02/1924
Hazlett,Ratcliffe,576-48-3408,491-850-7706,hratcliffej@state.gov,01/23/1956
Theo,Lamond,205-79-5068,359-673-0044,tlamondk@nyu.edu,09/30/2002
Tomasine,Malimoe,868-36-7833,810-386-8037,tmalimoel@ning.com,03/10/1943
Roby,Whye,645-66-6238,285-874-8516,rwhyem@sohu.com,11/10/1982
Rickey,Shortell,567-35-6389,345-774-5260,rshortelln@amazon.de,04/05/1978
Gauthier,Fullerlove,473-67-1880,769-827-9741,gfullerloveo@redcross.org,08/18/1929
Gusella,Arlow,678-17-3306,803-767-2980,garlowp@digg.com,04/26/1958
Mercedes,Siberry,605-27-4377,332-825-8906,msiberryq@cdc.gov,04/06/1955
Giacomo,Pourvoieur,851-39-5068,959-712-9644,gpourvoieurr@wordpress.com,11/07/1971
Barnabas,Garnam,711-97-1885,345-649-2864,bgarnams@nsw.gov.au,07/25/1970
Yurik,Dolphin,484-73-2171,491-344-8606,ydolphint@rakuten.co.jp,06/20/2001
Gabey,Dawidowicz,720-78-9986,522-429-5200,gdawidowiczu@arizona.edu,04/24/1972
Blane,Guiet,358-98-4498,273-393-1657,bguietv@indiatimes.com,06/03/1926
Madelaine,Tabbitt,735-52-1446,802-249-1056,mtabbittw@upenn.edu,01/15/1912
Jonell,Plaschke,820-08-9043,941-101-0380,jplaschkex@amazon.co.uk,11/08/1926
Berti,Ashwood,231-85-3785,659-976-3270,bashwoody@goo.ne.jp,11/29/1970
Elbert,Emeney,219-23-3937,561-244-1370,eemeneyz@1und1.de,06/11/1995
Ertha,Crady,369-91-8147,905-595-3891,ecrady10@smh.com.au,04/14/1939
Thaxter,Vials,453-15-1188,730-604-6867,tvials11@google.ru,04/10/1976
Marylin,Carmont,301-02-9041,230-814-4998,mcarmont12@bbc.co.uk,10/31/1956
Cyrillus,Brookbank,137-11-7452,174-112-0304,cbrookbank13@imageshack.us,02/12/1960
Debi,Duffer,171-08-7238,504-687-0744,dduffer14@discovery.com,04/03/1932
Lennard,Reddihough,417-11-0234,717-384-4383,lreddihough15@wordpress.org,05/11/1950
Nonah,Labrone,624-83-1216,531-253-0551,nlabrone16@bravesites.com,08/06/1928
Fields,Cartmill,844-72-1541,357-489-8189,fcartmill17@msn.com,08/04/1957
Lovell,Mullin,500-33-9602,431-221-1953,lmullin18@163.com,07/17/1947
Anastasia,Fearnside,825-89-0256,103-881-0749,afearnside19@woothemes.com,04/27/2002
Tabby,Steen,393-32-0769,829-511-8870,tsteen1a@studiopress.com,11/26/1973
Georgine,Matthewson,214-75-1025,995-595-8078,gmatthewson1b@va.gov,06/29/2018
Rosemaria,Cheine,323-38-7546,566-147-2413,rcheine1c@vimeo.com,11/13/1940
Tadd,Ney,671-48-8298,779-759-5090,tney1d@t-online.de,09/30/1965
Andromache,Grent,334-08-7215,718-579-8768,agrent1e@blog.com,02/14/1942
Clemente,Betonia,564-31-5763,746-165-5681,cbetonia1f@hexun.com,12/07/1980
Sher,Ralphs,610-50-3542,401-556-1224,sralphs1g@twitpic.com,10/08/1915
Inger,Bwy,129-71-6365,570-919-1147,ibwy1h@ameblo.jp,06/16/1914
Mac,L'Amie,260-32-8788,726-285-6559,mlamie1i@youtube.com,03/29/2006
Bartlett,Ridel,536-01-1672,995-393-8214,bridel1j@fda.gov,11/23/1928
Marc,Creber,216-12-9765,671-133-8086,mcreber1k@netvibes.com,11/18/2009
Audrie,Tsar,809-56-8044,651-854-9920,atsar1l@drupal.org,09/28/1949
Anneliese,Lusk,206-63-0359,802-223-6194,alusk1m@cyberchimps.com,07/14/1949
Pierce,Freake,702-81-6148,579-599-0977,pfreake1n@wikispaces.com,05/01/1959
Teodoro,Cadwell,537-03-0905,683-969-1653,tcadwell1o@barnesandnoble.com,12/15/2010
Ferris,Gilhooley,256-43-5887,998-472-2996,fgilhooley1p@pen.io,04/12/1925
Windy,Kirkwood,145-84-2949,520-556-5092,wkirkwood1q@sciencedaily.com,10/12/1981
Alano,Maric,665-89-6895,167-446-4951,amaric1r@slideshare.net,07/23/2004
Juana,Hardi,687-15-2987,896-798-6624,jhardi1s@cbslocal.com,03/08/1962
Vinita,Rain,226-98-6898,714-846-0574,vrain1t@goodreads.com,03/20/1991
Carol-jean,Lyddiard,843-98-8982,860-877-5751,clyddiard1u@timesonline.co.uk,09/01/1994
Avery,Pollett,382-08-2300,277-882-6483,apollett1v@4shared.com,05/02/1938
Salvatore,Belli,665-30-6944,199-875-6988,sbelli1w@addthis.com,08/02/1938
Sarene,Coyett,308-21-7379,526-376-0579,scoyett1x@nsw.gov.au,03/25/1912
Timi,O'Carroll,861-65-0964,376-796-0806,tocarroll1y@comsenz.com,08/17/1964
Belia,Tidswell,479-81-0844,360-556-9588,btidswell1z@washington.edu,06/25/1902
Minnaminnie,Gillan,324-05-8559,545-172-3529,mgillan20@biblegateway.com,03/24/2012
Gwendolin,Flaxon,344-89-0156,324-485-5215,gflaxon21@ebay.com,10/10/1974
Orion,Aronovitz,825-28-9041,810-839-1800,oaronovitz22@google.pl,09/13/1995
Hebert,Burnel,217-08-2010,814-708-9092,hburnel23@free.fr,10/08/1903
Gennifer,Borwick,588-49-5241,521-228-0613,gborwick24@auda.org.au,07/08/1930
Franny,Koschek,431-09-8642,823-384-9060,fkoschek25@chicagotribune.com,08/22/1924
Leeanne,Tapper,485-20-4877,215-776-1382,ltapper26@paginegialle.it,02/17/1952
Arlie,MacSkeaghan,707-35-8188,407-541-5350,amacskeaghan27@over-blog.com,07/18/1987
Sibeal,Folkerts,336-95-9220,438-497-0223,sfolkerts28@utexas.edu,05/01/1958
Tarrance,Bruni,760-10-2361,616-282-7733,tbruni29@yahoo.com,10/15/2005
Madlin,Bickerstaff,486-03-0906,105-546-9986,mbickerstaff2a@nationalgeographic.com,02/20/1955
Sonia,Doward,843-55-7543,420-287-9617,sdoward2b@goodreads.com,11/25/1954
Anastasie,Thomazin,634-60-6989,156-634-1489,athomazin2c@hhs.gov,04/05/1960
Martie,Allix,570-27-0255,862-145-7341,mallix2d@ebay.co.uk,06/11/1921
Sarene,Labbati,294-77-7422,553-860-0198,slabbati2e@dropbox.com,09/17/1964
Brunhilda,Van der Mark,255-53-3638,187-250-1915,bvandermark2f@admin.ch,07/15/1964
Harwilll,Upsale,518-60-3161,804-680-6011,hupsale2g@archive.org,08/11/1938
Guglielma,Blazevic,674-73-7702,483-506-3499,gblazevic2h@theguardian.com,03/23/1951
Margarita,Nozzolinii,426-01-5453,549-974-5500,mnozzolinii2i@ed.gov,07/31/1968
Emiline,Dumphrey,580-44-9967,149-499-7893,edumphrey2j@europa.eu,05/17/1976
Eimile,Dulin,806-68-6339,886-602-4409,edulin2k@icio.us,08/21/1978
Wells,Propper,179-08-4634,455-449-1163,wpropper2l@ucla.edu,05/25/1923
Alysa,Haworth,694-52-1796,552-807-3258,ahaworth2m@independent.co.uk,02/07/1971
Dulsea,Gaitone,399-61-7552,309-203-5859,dgaitone2n@harvard.edu,02/28/1987
Dacie,Chalkly,743-54-5100,282-640-0850,dchalkly2o@usda.gov,08/15/1974
Bea,Mompesson,361-24-8173,714-618-4344,bmompesson2p@studiopress.com,03/26/1932
Candice,Loughton,147-18-8992,755-836-7216,cloughton2q@wufoo.com,11/11/1934
Colly,Tiebe,535-40-3173,492-196-6066,ctiebe2r@moonfruit.com,02/07/1945
Raymond,Huie,143-63-0913,949-597-4686,rhuie2s@samsung.com,08/23/1905
Thorstein,Hinzer,882-82-0935,674-428-3172,thinzer2t@nps.gov,11/04/2008
Brier,Gonzalez,610-55-8137,935-967-9135,bgonzalez2u@myspace.com,04/09/2005
Timmy,Wetwood,580-53-3382,420-866-6941,twetwood2v@cnn.com,11/20/1940
Adella,Filipson,774-44-7564,820-373-2101,afilipson2w@fema.gov,01/12/2018
Bev,Drysdell,855-51-4954,607-754-7141,bdrysdell2x@ed.gov,03/10/1924
Vladamir,Inkpen,675-69-2513,189-181-2255,vinkpen2y@loc.gov,11/19/1959
Bendite,Phipps,262-89-2357,870-931-6760,bphipps2z@reuters.com,10/28/1928
Gunilla,O'Nolan,300-71-3203,456-796-5849,gonolan30@ebay.co.uk,04/21/1948
Helli,Vibert,404-34-4055,810-217-8656,hvibert31@biblegateway.com,10/22/1927
Antonietta,Purchase,193-46-0534,920-268-4280,apurchase32@photobucket.com,09/09/1968
Antonella,Faunt,150-14-9672,880-751-1457,afaunt33@icq.com,02/06/1992
Lars,Sides,289-42-9413,104-171-4491,lsides34@google.co.jp,10/23/1999
Daven,Harrington,240-93-5135,760-327-8641,dharrington35@sphinn.com,08/07/1940
Fay,Fontenot,358-67-2628,830-477-5815,ffontenot36@symantec.com,10/07/1960
Van,Ivasyushkin,719-39-3098,851-702-8829,vivasyushkin37@domainmarket.com,02/09/1954
Penn,Glauber,255-67-1500,721-602-2152,pglauber38@cornell.edu,09/19/2016
Andrea,Follacaro,760-47-6356,592-654-3475,afollacaro39@yelp.com,08/12/2017
Enrico,Bleything,112-22-9225,539-496-3074,ebleything3a@freewebs.com,04/26/1941
Lauren,Kupper,362-08-0275,313-861-8072,lkupper3b@jalbum.net,11/19/2009
Booth,Fallon,513-92-2087,105-521-4140,bfallon3c@mlb.com,04/07/2007
Peter,Lockhart,569-53-8362,938-776-1490,plockhart3d@mapy.cz,06/11/1940
Angelique,Benit,116-36-7715,812-184-7916,abenit3e@timesonline.co.uk,12/21/1903
Aldis,Braxay,186-35-3249,679-788-1145,abraxay3f@joomla.org,06/18/1948
Cecilla,Brodest,322-72-0365,910-270-9088,cbrodest3g@hp.com,07/04/2015
Lianna,Willerson,248-27-7962,642-800-5139,lwillerson3h@parallels.com,07/24/1995
Anderson,Joselovitch,534-99-6702,705-560-5403,ajoselovitch3i@yellowpages.com,02/03/1912
Fionna,Gaudon,396-18-1864,512-205-5892,fgaudon3j@reddit.com,04/03/1938
Marie,Laurenty,492-79-1640,765-988-2967,mlaurenty3k@quantcast.com,01/24/2004
Pam,Eastwell,759-75-0177,641-873-9706,peastwell3l@unc.edu,06/24/1947
Hewe,Van der Brugge,627-93-7477,807-418-7462,hvanderbrugge3m@vkontakte.ru,08/22/1978
Stanislaus,Albery,114-82-6983,951-487-8597,salbery3n@usnews.com,05/11/1961
Kiley,Penk,701-96-8947,935-688-5137,kpenk3o@bbc.co.uk,12/19/1930
Jeniffer,Labon,360-27-1098,945-630-9280,jlabon3p@nationalgeographic.com,07/10/1945
Thom,Padkin,573-81-4052,744-175-1297,tpadkin3q@is.gd,03/14/1992
Mariellen,A'field,584-68-9282,351-915-8636,mafield3r@mac.com,02/20/1979
Sigfried,Durran,272-94-0587,620-780-1268,sdurran3s@quantcast.com,06/23/1953
Graig,Mercer,665-58-1491,365-375-2261,gmercer3t@parallels.com,06/22/1931
Anderson,O'Donohue,580-19-9522,620-414-3096,aodonohue3u@hhs.gov,01/23/2007
Cullen,Clelle,357-19-0679,998-702-9804,cclelle3v@gmpg.org,04/18/1913
Ker,Tapley,376-23-4046,921-513-5335,ktapley3w@ed.gov,01/14/2001
Cass,Elletson,116-72-1367,510-230-6929,celletson3x@cocolog-nifty.com,11/20/1923
Cecile,Althorpe,463-42-4722,180-273-4330,calthorpe3y@buzzfeed.com,05/07/1918
Vittorio,Tropman,425-76-9533,530-931-5800,vtropman3z@cnbc.com,05/28/1935
Bronny,Bollin,798-09-3751,800-472-4086,bbollin40@facebook.com,05/25/1975
Sylvester,Esseby,122-62-2442,362-694-5527,sesseby41@51.la,01/04/1932
Christian,Currom,154-10-6709,984-526-2053,ccurrom42@upenn.edu,11/19/1962
Crin,MacGragh,208-59-1374,625-291-6634,cmacgragh43@infoseek.co.jp,10/02/1934
Milty,Grigs,438-84-8871,973-478-9869,mgrigs44@cnn.com,11/13/1920
Annetta,Yglesia,292-35-7677,817-937-9802,ayglesia45@cornell.edu,03/20/1933
Fidel,Brundle,180-97-9861,568-163-5606,fbrundle46@latimes.com,10/24/2015
Farlay,Schuck,408-20-7429,574-348-4163,fschuck47@discuz.net,06/27/1989
Edin,Howgill,243-59-5071,394-886-9932,ehowgill48@dropbox.com,11/24/1962
Ari,Buckhurst,642-20-4708,172-513-6571,abuckhurst49@reverbnation.com,10/11/1948
Baudoin,Carayol,360-65-7356,102-180-8905,bcarayol4a@infoseek.co.jp,03/16/1955
Sigismondo,Sulter,344-30-4622,757-898-9467,ssulter4b@digg.com,02/21/1998
Barry,Vasyushkhin,451-65-9114,928-646-2906,bvasyushkhin4c@salon.com,09/06/2018
Grant,Georgievski,809-29-5908,981-617-1282,ggeorgievski4d@aboutads.info,03/09/1983
Stanleigh,Gyves,587-14-3917,723-941-6102,sgyves4e@123-reg.co.uk,09/14/1918
Kissiah,Triplett,744-26-8231,534-898-2375,ktriplett4f@pen.io,11/24/1964
Sandie,Glas,572-25-5335,690-748-7871,sglas4g@economist.com,12/15/1982
Mariette,Haddington,208-34-6370,130-308-1065,mhaddington4h@tripadvisor.com,04/01/2009
Daffi,Thorsby,544-39-4693,774-409-8781,dthorsby4i@wikispaces.com,06/26/1993
Oates,Caunce,181-45-2430,264-496-8971,ocaunce4j@xrea.com,06/08/1951
Shepherd,Bartalucci,295-08-7887,396-578-5905,sbartalucci4k@goodreads.com,03/05/1960
Freda,Drowsfield,184-86-5667,242-543-6422,fdrowsfield4l@sun.com,09/28/1977
Maurine,Orrow,569-51-0389,490-996-4958,morrow4m@sciencedirect.com,10/07/1930
Jayme,Boniface,380-05-3174,497-765-1161,jboniface4n@mozilla.com,08/09/1932
Nertie,Rameaux,387-69-4758,616-673-8804,nrameaux4o@msn.com,11/22/1919
Ariana,Frany,297-16-8212,243-952-5320,afrany4p@google.es,03/22/2010
Dulce,Taber,253-08-4968,944-508-1009,dtaber4q@google.co.jp,04/27/1959
Edin,Dansey,820-50-8881,472-527-7432,edansey4r@japanpost.jp,07/25/2003
Haley,Pikesley,622-05-2880,397-868-6408,hpikesley4s@yellowpages.com,12/14/1966
Ainslee,Popov,409-87-8962,604-307-6129,apopov4t@paypal.com,01/25/1959
Delmore,O'Harney,541-55-5418,477-469-7556,doharney4u@craigslist.org,10/15/2017
Vin,Cayette,770-55-8831,339-951-8817,vcayette4v@apache.org,03/28/1910
Emmeline,Abramovicz,641-86-4080,519-707-6656,eabramovicz4w@harvard.edu,05/03/1903
Darrell,Schistl,447-71-2297,105-191-0011,dschistl4x@earthlink.net,12/06/1902
Flore,MacNeice,610-20-1608,530-831-6382,fmacneice4y@mozilla.org,09/21/1903
Jon,Skirving,264-75-3480,662-115-7857,jskirving4z@chicagotribune.com,01/25/1952
Urbain,Darter,808-32-1866,753-340-1827,udarter50@forbes.com,01/17/1940
Gwyneth,Pawsey,413-64-1484,560-117-8979,gpawsey51@livejournal.com,08/30/1903
Rheba,Randleson,565-49-4025,569-679-0299,rrandleson52@mozilla.com,10/06/2008
Cornall,McWhorter,837-54-7792,830-969-1470,cmcwhorter53@wix.com,05/11/1978
Consalve,Frostdick,874-58-8068,652-118-8297,cfrostdick54@comcast.net,03/21/1904
Torrey,Eallis,867-82-9454,649-754-2186,teallis55@house.gov,06/10/2003
Hubert,Jemison,207-06-0047,119-652-8536,hjemison56@arizona.edu,03/23/1967
Isa,Sprowles,889-03-8726,787-833-2526,isprowles57@wikia.com,01/18/1909
Rory,Cratere,578-52-9208,923-954-6707,rcratere58@odnoklassniki.ru,01/27/1941
Cosimo,McMeekin,159-06-7440,960-607-0555,cmcmeekin59@apple.com,06/03/1951
Aeriel,Cartlidge,418-27-4326,476-773-0737,acartlidge5a@who.int,06/24/1987
Dulci,Ghelardi,801-75-7888,480-562-8615,dghelardi5b@economist.com,12/24/1993
Jorgan,Coode,822-62-3541,566-533-0590,jcoode5c@desdev.cn,01/14/1962
Hansiain,Ellins,358-49-1236,140-602-9202,hellins5d@imageshack.us,04/18/1992
Lu,Naul,634-97-2275,556-892-6414,lnaul5e@spiegel.de,12/14/1978
Elbertina,Guitel,348-78-3840,761-543-1886,eguitel5f@bravesites.com,04/12/1903
Ortensia,Clout,522-44-7683,362-215-0871,oclout5g@yahoo.com,06/29/1972
Brigham,McKernan,487-68-8785,347-374-4362,bmckernan5h@de.vu,10/08/1984
Roda,O'Leagham,819-72-1929,808-154-2922,roleagham5i@reddit.com,09/19/1955
Coop,Goncaves,807-46-0058,706-631-3341,cgoncaves5j@dedecms.com,04/22/1999
Milly,Unwin,730-40-3478,441-793-9430,munwin5k@dailymail.co.uk,04/12/1989
Hobart,De Witt,483-56-7939,853-858-5288,hdewitt5l@berkeley.edu,04/21/1998
Morissa,Janman,409-64-9991,557-388-9960,mjanman5m@mit.edu,05/02/1915
Alon,Kurdani,621-94-7357,940-422-5296,akurdani5n@godaddy.com,06/28/1950
Lawrence,Ferrand,644-51-8808,375-583-7953,lferrand5o@slashdot.org,07/28/1927
Ashly,Paskell,515-21-7020,929-270-3897,apaskell5p@nyu.edu,07/02/1969
Nancee,Wodeland,246-83-3450,266-767-3297,nwodeland5q@oracle.com,08/11/1903
Trent,Fendley,119-42-6177,639-353-2750,tfendley5r@freewebs.com,11/22/1939
Inga,Inker,482-72-9978,160-903-3121,iinker5s@mit.edu,01/22/1927
Madelaine,Prestedge,220-69-9986,972-168-8400,mprestedge5t@twitter.com,08/25/1916
Effie,Heffy,626-08-6299,886-903-0004,eheffy5u@jiathis.com,09/28/1963
Jania,Glancey,166-06-8451,863-909-5273,jglancey5v@cam.ac.uk,10/16/1924
Annabella,Beagley,551-71-5874,495-101-2013,abeagley5w@howstuffworks.com,08/11/1926
Ainsley,Domoney,480-16-4022,348-625-6985,adomoney5x@is.gd,05/11/2011
Art,Chuney,362-51-4103,283-117-5297,achuney5y@1und1.de,03/06/1991
Lyon,Brayley,300-19-1209,964-130-0384,lbrayley5z@bbc.co.uk,04/19/1984
Tonye,Salters,735-40-9891,558-871-4507,tsalters60@plala.or.jp,12/18/1914
Sloan,Pinnington,196-74-5607,498-547-3517,spinnington61@miibeian.gov.cn,02/25/1955
Jamal,Roaf,782-21-1722,254-419-0265,jroaf62@vkontakte.ru,10/26/1946
Derril,Gipps,446-38-9451,219-894-8364,dgipps63@indiatimes.com,06/13/1907
Tiebold,Scorton,846-41-2953,175-992-0497,tscorton64@reuters.com,04/06/1962
Alisun,Diboll,201-96-8800,874-171-7635,adiboll65@dedecms.com,10/24/1913
Jodie,Feehery,435-74-8971,274-735-8206,jfeehery66@smugmug.com,06/12/2013
Broderick,Ballentime,142-10-1101,344-760-6744,bballentime67@elpais.com,08/20/1918
Livvy,Pree,745-27-1657,296-565-3686,lpree68@symantec.com,05/21/1967
Birdie,Ettles,174-47-7122,673-986-5382,bettles69@seattletimes.com,05/27/1942
Beatrice,Macci,139-39-3430,161-264-5750,bmacci6a@xrea.com,10/29/1972
Carlee,Realph,350-17-7801,980-278-5509,crealph6b@booking.com,03/18/1911
Persis,Bresland,273-44-3144,486-488-2434,pbresland6c@google.es,08/07/1933
Lenee,Andrini,861-30-6416,389-895-6699,landrini6d@symantec.com,09/07/1936
Reynold,MacGahy,319-98-3966,133-222-6328,rmacgahy6e@amazon.com,11/28/1902
Dion,Purrington,523-87-8771,659-981-8051,dpurrington6f@friendfeed.com,10/26/1942
Eartha,Dobeson,133-33-6833,880-414-6418,edobeson6g@hud.gov,07/06/1926
Tiler,Gilford,367-17-1382,922-380-6802,tgilford6h@umn.edu,10/21/1953
Doyle,Hawtrey,831-80-1143,748-848-5143,dhawtrey6i@google.com.br,12/23/2008
Kassia,Kimmince,284-74-4994,659-440-3966,kkimmince6j@imdb.com,05/13/1901
Abby,Rulf,734-70-7452,133-813-1537,arulf6k@cbc.ca,04/23/1954
Bess,Pumphreys,537-76-2696,410-558-4590,bpumphreys6l@patch.com,02/02/1952
Jessie,Ingman,601-88-4442,705-190-6820,jingman6m@jalbum.net,03/27/1954
Thom,Garwell,639-26-5870,348-990-0919,tgarwell6n@hc360.com,03/02/2015
Etienne,Castano,281-60-6775,960-756-2272,ecastano6o@xinhuanet.com,06/12/1962
Lilllie,Vannikov,709-07-3042,124-631-7036,lvannikov6p@netlog.com,05/15/1924
Coral,Fauning,878-94-3479,262-768-2991,cfauning6q@cnbc.com,04/07/1925
Otto,Fernanando,784-92-0531,759-144-1344,ofernanando6r@narod.ru,09/04/1917
Farleigh,Noor,772-07-7201,764-590-5479,fnoor6s@ca.gov,10/03/1947
Urban,Rankine,818-57-5395,961-251-7346,urankine6t@cargocollective.com,02/24/1934
Gilburt,Porcher,260-51-2829,229-212-0620,gporcher6u@geocities.com,04/06/1957
Fabe,Willard,381-79-4267,164-363-4808,fwillard6v@prweb.com,07/10/1993
Junette,Greed,693-75-2368,258-734-8087,jgreed6w@patch.com,04/03/1972
Frederich,Popley,395-83-1408,104-728-3907,fpopley6x@chronoengine.com,09/09/1991
Carly,Andree,450-83-0745,415-185-9973,candree6y@flickr.com,05/28/1993
Abdul,Dingwall,159-59-3524,169-949-8525,adingwall6z@nps.gov,08/15/1982
Kendell,Aiers,765-26-9030,303-582-5658,kaiers70@youku.com,01/31/1903
Cosette,Benedetti,843-84-0886,472-628-2572,cbenedetti71@soup.io,06/14/2006
Karin,Adicot,276-36-6375,513-911-2434,kadicot72@boston.com,06/12/1982
Olag,Emmott,476-55-8345,778-581-9141,oemmott73@goo.gl,01/09/1979
Ernst,Lukacs,530-30-0769,607-291-1480,elukacs74@networksolutions.com,08/22/1968
Stacie,Maharry,844-59-0491,937-293-7376,smaharry75@ftc.gov,06/01/1924
Bradly,Morrott,401-16-5496,212-941-8245,bmorrott76@ted.com,08/19/2011
Eward,Sworne,884-50-4724,213-640-7775,esworne77@exblog.jp,08/28/1994
Katy,Petkens,873-37-2915,646-198-8765,kpetkens78@whitehouse.gov,11/02/1943
Blaine,Strutley,521-07-1971,215-336-5999,bstrutley79@mashable.com,02/19/1928
Myrtia,Bailey,485-42-8458,310-671-8048,mbailey7a@prweb.com,01/03/1907
Amelia,Greenhaugh,852-61-7573,714-990-6588,agreenhaugh7b@wikia.com,09/03/1996
Manda,Osment,354-38-3534,231-645-0325,mosment7c@washingtonpost.com,10/05/1991
Jeralee,Berrie,575-52-5292,151-504-9515,jberrie7d@xrea.com,09/09/1934
Filbert,McCrackem,786-57-4923,840-484-3683,fmccrackem7e@topsy.com,07/07/1942
Ulrich,Roalfe,425-92-0966,718-137-3768,uroalfe7f@census.gov,12/31/1991
Marieann,Olivia,691-21-0666,299-102-8158,molivia7g@instagram.com,08/08/2008
Jade,Kedie,584-31-0462,181-797-7328,jkedie7h@opera.com,09/16/1931
Gwenneth,Couttes,803-10-0910,146-318-5020,gcouttes7i@springer.com,12/05/1995
Jonell,Kinman,260-11-3100,214-399-8302,jkinman7j@networksolutions.com,10/30/1955
Harper,Pembridge,101-05-4429,365-867-1396,hpembridge7k@nature.com,10/29/1973
Lothaire,Hofton,839-59-7307,795-542-1328,lhofton7l@bluehost.com,10/14/1953
Tamera,Ollin,580-96-0149,315-446-7958,tollin7m@usa.gov,04/28/2007
Nerte,Hoopper,243-28-7506,108-656-8045,nhoopper7n@ft.com,01/23/1997
Milty,Parmley,700-56-5346,703-930-1999,mparmley7o@desdev.cn,08/05/1935
Ignacius,Halpine,161-12-1007,393-351-8066,ihalpine7p@reverbnation.com,12/18/1929
Grange,Keep,131-83-1309,899-134-4918,gkeep7q@statcounter.com,04/28/1973
Nigel,Lidell,648-11-3781,202-170-7521,nlidell7r@toplist.cz,06/02/1959
Dur,Durrett,548-54-6964,152-849-0442,ddurrett7s@is.gd,09/01/1954
Bobbee,Danilchenko,488-53-8553,231-366-1142,bdanilchenko7t@blinklist.com,09/04/1920
Darnell,Powles,758-21-2652,523-698-3103,dpowles7u@utexas.edu,09/03/1976
Eda,Spoors,738-53-3296,391-596-1097,espoors7v@stumbleupon.com,08/19/1972
Willey,La Vigne,729-94-6844,983-299-1631,wlavigne7w@auda.org.au,12/08/1905
Margy,Petel,321-53-7913,431-136-1465,mpetel7x@artisteer.com,01/05/1999
Anatole,Belsey,132-46-7968,435-930-3606,abelsey7y@yale.edu,03/13/1976
Denice,Feldharker,628-45-2509,454-471-6507,dfeldharker7z@google.de,12/19/1916
Malorie,Horsewood,376-57-3186,322-751-2634,mhorsewood80@cam.ac.uk,11/14/2001
Kristoforo,Yakovliv,492-60-4716,124-185-0915,kyakovliv81@123-reg.co.uk,12/28/2012
Blair,Daltrey,118-48-7239,129-797-8234,bdaltrey82@joomla.org,10/29/1958
Thebault,Laffranconi,609-11-6161,292-166-0525,tlaffranconi83@trellian.com,09/10/1957
Madella,Jackman,437-79-5827,188-311-1968,mjackman84@bing.com,08/17/1953
Freeland,Union,871-95-4921,208-274-8982,funion85@alexa.com,10/25/1933
Carolann,Greystoke,234-34-3446,335-978-7120,cgreystoke86@unicef.org,03/16/2007
Petronia,Bitchener,439-21-3605,529-718-0502,pbitchener87@scribd.com,05/15/1917
Giustina,Feldhuhn,838-06-6535,333-348-6406,gfeldhuhn88@acquirethisname.com,03/15/2004
Sigismundo,Bettison,761-12-1775,304-689-9348,sbettison89@ucla.edu,09/12/1983
Edan,Sacase,815-61-6554,620-134-3692,esacase8a@businesswire.com,09/12/1900
Lazaro,Scoggins,186-44-7357,200-855-1871,lscoggins8b@typepad.com,10/27/1962
Daisy,Cromer,417-60-8133,394-145-5284,dcromer8c@livejournal.com,05/07/1994
Sam,Jeremiah,892-40-9521,181-138-8197,sjeremiah8d@amazon.com,02/17/1947
Talyah,Mayberry,702-67-3759,174-432-2599,tmayberry8e@wsj.com,04/11/1934
Ambrose,Dell,839-71-6866,400-548-8703,adell8f@ihg.com,01/07/1962
Zita,McCerery,463-95-1058,606-460-0041,zmccerery8g@wikimedia.org,03/24/1927
Curry,Bruhnicke,102-22-4543,554-225-7956,cbruhnicke8h@nasa.gov,07/03/1954
Cordelia,Kelland,105-44-9834,571-662-8871,ckelland8i@myspace.com,05/30/1911
Red,Eleshenar,667-24-4534,952-908-7219,releshenar8j@reverbnation.com,06/05/2000
Terrye,Cropp,800-86-6593,850-432-0727,tcropp8k@paypal.com,07/13/2001
Jaclin,Magne,228-32-0633,751-524-6878,jmagne8l@soundcloud.com,07/10/1983
Lukas,Malling,243-45-1377,690-906-2467,lmalling8m@chicagotribune.com,08/29/1925
Devina,Yelding,379-21-1342,260-676-0564,dyelding8n@dot.gov,07/23/2004
Obidiah,Muehle,521-24-1259,915-346-7155,omuehle8o@amazon.de,02/08/1992
Alaine,Comben,890-48-5932,960-780-5662,acomben8p@liveinternet.ru,08/23/1900
Keriann,O'Noulane,634-88-0858,123-161-0648,konoulane8q@harvard.edu,10/19/1977
Averil,Busher,750-49-1712,408-933-7630,abusher8r@tmall.com,08/31/1959
Niki,Philipsson,133-53-0931,161-186-5650,nphilipsson8s@paginegialle.it,11/15/1968
Michelle,Jarman,622-38-2750,783-184-6889,mjarman8t@sitemeter.com,11/20/1962
Annis,Gallatly,299-47-1557,302-355-4022,agallatly8u@google.nl,12/20/1934
Kelli,Witherdon,263-70-4619,502-487-7736,kwitherdon8v@elpais.com,09/15/1904
Kristos,Neill,346-09-3871,763-458-9028,kneill8w@blogger.com,05/31/1990
Giustina,Khoter,798-94-6473,726-762-7844,gkhoter8x@example.com,05/10/2006
Lynnelle,Ianniello,897-22-3568,104-726-3086,lianniello8y@ted.com,11/22/1905
Carey,Scanlin,823-20-9680,536-144-2329,cscanlin8z@netlog.com,06/06/1981
Clayborne,Skipper,647-37-2355,425-162-7108,cskipper90@tinyurl.com,03/21/1993
Farra,Rawlyns,704-09-0088,427-532-0702,frawlyns91@oracle.com,07/22/1920
Lisha,Pattinson,419-19-2147,702-278-1213,lpattinson92@yahoo.com,10/17/1926
Annabell,Gaisford,826-58-4948,920-442-2569,agaisford93@dailymail.co.uk,05/17/1975
Pamelina,O'Hagerty,119-37-6318,333-171-0418,pohagerty94@marriott.com,11/29/1948
Belle,Wines,663-63-7131,865-616-2955,bwines95@ning.com,11/08/1995
Elnore,Foldes,873-45-8031,637-673-9593,efoldes96@hc360.com,07/15/1999
Otho,Jennick,227-59-5172,551-714-5068,ojennick97@hhs.gov,08/22/1971
Toni,Maxwaile,799-72-2049,200-151-3222,tmaxwaile98@moonfruit.com,10/02/1940
Liuka,Oosthout de Vree,270-38-7776,416-650-2508,loosthoutdevree99@tinypic.com,04/06/1989
Waiter,Trigg,146-52-5351,931-697-9869,wtrigg9a@cnet.com,02/04/1975
Simone,Mackriell,191-48-5529,808-728-7012,smackriell9b@imageshack.us,12/12/1917
Kerry,Ingamells,476-71-7391,695-404-2652,kingamells9c@bing.com,09/20/2017
Nerissa,Mattiassi,534-80-6676,882-378-9588,nmattiassi9d@issuu.com,03/16/1987
Kara-lynn,Scudders,391-94-9449,622-546-0359,kscudders9e@topsy.com,12/28/1940
Seamus,Ivanikhin,643-09-1487,556-461-8797,sivanikhin9f@sbwire.com,07/21/1916
Simona,Vanetti,682-07-7503,595-264-2695,svanetti9g@squidoo.com,06/12/1972
Valera,Dykes,373-53-1104,822-110-3256,vdykes9h@addthis.com,02/27/1932
Jules,Figura,517-89-3886,794-521-1295,jfigura9i@newyorker.com,09/20/1926
Dane,O'Concannon,224-93-8241,939-648-6454,doconcannon9j@networksolutions.com,11/30/1944
Madalena,Goodere,456-37-5576,810-574-0897,mgoodere9k@imdb.com,11/05/1908
Aldous,Byllam,629-11-7587,375-141-0242,abyllam9l@elpais.com,06/29/1973
Rosemary,Nosworthy,624-61-2404,319-177-4037,rnosworthy9m@seesaa.net,05/23/1913
Etty,Lemerle,649-11-9090,931-368-1865,elemerle9n@webs.com,09/02/2016
Yancy,Wegman,105-74-4227,222-486-8246,ywegman9o@si.edu,02/08/1945
Reed,Consterdine,837-18-5719,892-185-8707,rconsterdine9p@sitemeter.com,01/29/1909
Costanza,Pruckner,375-20-6775,349-631-0337,cpruckner9q@plala.or.jp,04/07/1975
Philippe,Drummond,152-92-6604,434-204-7473,pdrummond9r@nifty.com,12/13/1940
Allina,Cathesyed,743-44-5083,686-569-1561,acathesyed9s@51.la,07/20/1969
Beryl,Camp,219-05-0005,244-908-8378,bcamp9t@google.pl,06/12/2003
Germain,Schutte,715-07-9151,894-296-3027,gschutte9u@booking.com,07/24/1994
Vivyan,Lavrinov,348-16-7741,641-837-2849,vlavrinov9v@techcrunch.com,11/03/1985
Cirilo,Chamberlen,782-14-7701,907-967-2043,cchamberlen9w@phpbb.com,07/23/1994
Pearla,Furzer,144-54-8062,932-691-5790,pfurzer9x@bloglovin.com,04/09/1924
Madelle,Hakeworth,377-40-1255,215-153-5888,mhakeworth9y@webs.com,09/15/1929
Kelly,Aldren,190-99-3323,522-260-2693,kaldren9z@e-recht24.de,10/16/1920
Zonda,Antram,827-65-6365,562-985-7183,zantrama0@mit.edu,06/29/1958
Aridatha,MacDunlevy,560-81-0361,734-962-6822,amacdunlevya1@gmpg.org,07/03/1946
Deb,Le Brum,629-69-7761,900-318-0108,dlebruma2@joomla.org,10/18/1992
Bernardo,Fenich,574-02-8513,352-588-7993,bfenicha3@yandex.ru,01/14/1905
Chere,Dobbs,521-27-8880,571-292-7054,cdobbsa4@google.ca,04/23/1955
Willette,Lehrer,420-32-5816,622-791-1255,wlehrera5@bigcartel.com,04/08/1919
Rena,Genike,896-23-3958,809-943-3830,rgenikea6@comcast.net,06/25/1904
Borg,Padrick,468-04-8355,373-595-3158,bpadricka7@fastcompany.com,05/24/1949
Peyter,Kinloch,442-48-4621,640-639-7518,pkinlocha8@forbes.com,02/05/1963
Avis,Norton,523-04-2585,857-986-5631,anortona9@blogger.com,09/15/1961
Brion,Churchin,871-52-1483,413-421-4802,bchurchinaa@bluehost.com,03/06/2019
Neile,Edmunds,134-44-3263,883-330-3362,nedmundsab@cbc.ca,03/26/2013
Blondy,Bellwood,430-54-9661,248-518-3162,bbellwoodac@opera.com,12/19/1942
Cchaddie,Backhurst,319-14-1026,470-366-6600,cbackhurstad@tripod.com,08/04/1923
Bengt,Greetland,306-65-7782,270-708-4841,bgreetlandae@virginia.edu,02/19/1952
Guthry,McNeely,502-31-4741,821-977-0820,gmcneelyaf@1und1.de,08/02/1972
Nichole,Farrall,153-18-6234,574-524-5691,nfarrallag@artisteer.com,10/12/1912
Holden,Benedit,656-78-4835,375-468-8280,hbeneditah@nydailynews.com,05/02/1948
Andria,Fleckness,537-21-1601,605-497-1486,aflecknessai@etsy.com,05/30/1959
Darya,Koenraad,892-11-6124,899-183-2014,dkoenraadaj@icq.com,07/10/1903
Cecil,Perroni,174-68-0501,453-835-2567,cperroniak@blog.com,05/27/1916
Roxie,Mollatt,596-23-4281,873-525-2941,rmollattal@who.int,10/22/1922
Tyson,McAlpine,273-98-0455,575-242-1017,tmcalpineam@reuters.com,11/25/2006
Ragnar,Michell,373-74-0693,329-899-5571,rmichellan@slideshare.net,11/15/1934
Kent,Sparkwell,587-34-4978,508-387-5084,ksparkwellao@free.fr,08/16/1904
Kelly,Keets,275-15-6553,947-128-1100,kkeetsap@yale.edu,10/08/1988
Randie,Fazakerley,123-33-4475,757-307-8030,rfazakerleyaq@wunderground.com,07/19/1925
Alisa,Ginger,181-28-6372,496-940-0599,agingerar@arstechnica.com,06/28/1946
Dalt,Guiraud,539-12-3305,910-121-4816,dguiraudas@spotify.com,02/20/1915
Rob,MacDwyer,397-10-3647,288-643-9781,rmacdwyerat@shinystat.com,04/16/2011
Lyda,Grosvener,214-88-8450,969-900-2203,lgrosvenerau@uiuc.edu,11/10/1902
Udale,Morrissey,181-89-2034,438-381-6211,umorrisseyav@xrea.com,10/02/1970
Adore,Leyborne,339-58-3519,853-405-7140,aleyborneaw@irs.gov,10/21/1938
Fidelia,Benyan,699-19-9603,860-676-7533,fbenyanax@dion.ne.jp,07/05/1975
Joya,Cargon,513-98-2957,451-298-4334,jcargonay@goo.gl,10/21/1941
Meredith,Sowray,477-60-4578,355-242-0263,msowrayaz@sakura.ne.jp,04/06/1985
Fayth,Gooderick,833-73-8720,287-642-9108,fgooderickb0@sina.com.cn,10/14/1982
Sydney,Kestell,287-65-9764,299-544-7651,skestellb1@blogger.com,09/12/1914
Sallee,Hagwood,673-39-0868,181-115-2942,shagwoodb2@sciencedirect.com,06/24/1950
Coretta,Abramcik,317-18-9543,213-868-9950,cabramcikb3@forbes.com,04/28/1920
Jasmin,Heakins,183-76-7311,595-155-6043,jheakinsb4@miibeian.gov.cn,02/03/1993
Clayson,Woodwin,808-66-9204,224-950-5259,cwoodwinb5@last.fm,03/13/1949
Kaylil,Balffye,377-10-8881,814-190-4264,kbalffyeb6@pbs.org,04/14/1961
Adaline,Cabrara,429-10-2920,252-216-9078,acabrarab7@hud.gov,08/14/1952
Irvin,Crichley,159-55-7201,227-673-1706,icrichleyb8@dell.com,08/09/1918
Timotheus,Langstrath,662-79-1325,257-447-9046,tlangstrathb9@reverbnation.com,11/10/1965
Timofei,Dumbleton,279-03-8770,143-938-4477,tdumbletonba@networksolutions.com,05/20/1960
Colene,Natt,839-44-4072,950-243-9204,cnattbb@reference.com,08/08/1967
Edwin,Neljes,410-61-0645,775-161-5342,eneljesbc@newsvine.com,04/04/2007
Miltie,Summerlie,789-68-9535,326-111-2285,msummerliebd@bbc.co.uk,12/26/1959
Alfie,Brims,688-43-6981,674-189-5235,abrimsbe@narod.ru,10/04/1965
Sybilla,Mulligan,115-87-0300,899-546-6234,smulliganbf@ovh.net,09/09/1990
Jeralee,Lewer,741-29-6460,924-786-4017,jlewerbg@twitter.com,05/19/1951
Rafaello,Rive,546-76-0776,224-434-2215,rrivebh@slate.com,06/03/1996
Nixie,Hughlock,180-08-5836,360-521-3677,nhughlockbi@twitter.com,08/16/1932
Tailor,Braemer,377-14-0595,932-351-9463,tbraemerbj@state.gov,09/07/1977
Charlotta,Behnecken,439-37-9725,125-651-9308,cbehneckenbk@blogger.com,01/25/2014
Neilla,Monsey,434-51-6164,469-552-4437,nmonseybl@elegantthemes.com,02/07/1942
Minta,Souster,846-63-7897,264-333-5969,msousterbm@yahoo.com,07/05/1916
Brita,Wigelsworth,409-05-1636,707-816-8381,bwigelsworthbn@fc2.com,11/28/1913
Cristine,Tinkler,545-58-2239,777-307-2975,ctinklerbo@storify.com,08/25/1990
Brien,Pargent,405-93-7398,857-655-7568,bpargentbp@state.gov,07/23/2006
Daphene,Carlet,802-02-5376,671-999-1977,dcarletbq@virginia.edu,08/02/1953
Mikaela,World,185-73-5017,172-978-0081,mworldbr@clickbank.net,09/02/1964
Elsinore,Dow,291-64-9766,965-792-4489,edowbs@fc2.com,09/12/1943
Carlynn,Sisneros,624-05-3955,713-922-0504,csisnerosbt@list-manage.com,06/04/1976
Benjamin,McQuin,232-96-2221,776-481-7569,bmcquinbu@shinystat.com,07/18/1993
Aloise,Comrie,751-39-1618,579-985-5362,acomriebv@dion.ne.jp,10/19/1920
Etty,Ciciura,118-67-9872,434-323-1551,eciciurabw@buzzfeed.com,12/23/1909
Milt,Varty,186-60-4186,262-843-6076,mvartybx@umn.edu,09/13/1984
Cesare,Wards,256-05-3580,129-403-4364,cwardsby@dell.com,09/14/1962
Deborah,Gawn,413-70-5394,945-407-5774,dgawnbz@discuz.net,05/16/1993
Karin,Cuzen,691-02-6106,486-131-5871,kcuzenc0@stumbleupon.com,10/25/2014
Yul,Hughes,309-57-3333,251-678-2539,yhughesc1@ameblo.jp,08/18/1993
Olenka,Howgate,173-20-6523,523-834-6769,ohowgatec2@ezinearticles.com,03/07/2005
Neall,Lidgley,463-01-7253,425-200-8438,nlidgleyc3@mapquest.com,06/06/1958
Slade,Trott,800-90-7823,301-686-3047,strottc4@telegraph.co.uk,04/22/1921
Solomon,Bodham,126-83-8316,498-181-7465,sbodhamc5@cnbc.com,04/24/1992
Vergil,Rising,570-31-5359,703-327-5293,vrisingc6@digg.com,02/01/1925
Constancy,Staines,153-28-4694,705-218-4884,cstainesc7@usgs.gov,02/18/1978
Delia,Cathie,694-81-1853,307-617-8960,dcathiec8@apple.com,04/01/1976
Romona,Sarjeant,702-54-6220,220-672-6366,rsarjeantc9@simplemachines.org,06/28/2008
Natty,De Rye Barrett,858-17-3718,618-590-4012,nderyebarrettca@ycombinator.com,02/08/1972
Seline,Fransson,182-58-8953,799-189-2446,sfranssoncb@fema.gov,11/25/1932
Marcia,Nelsen,446-61-3500,651-400-9271,mnelsencc@scientificamerican.com,08/16/1974
Fremont,Scandroot,678-82-3160,191-687-2264,fscandrootcd@blinklist.com,03/16/1970
Corilla,Cirlos,448-75-3593,297-245-6779,ccirlosce@wunderground.com,04/19/1923
Staffard,Muro,603-13-2355,548-983-7081,smurocf@unesco.org,11/13/1980
Konrad,Booley,399-93-6899,690-454-5362,kbooleycg@nationalgeographic.com,11/16/1930
Yankee,Cookson,537-98-5738,969-189-4995,ycooksonch@ning.com,05/26/1919
Claus,Laden,455-58-4919,616-429-1079,cladenci@miibeian.gov.cn,03/12/1974
Merlina,Gilman,389-84-6611,925-842-3614,mgilmancj@bbb.org,06/15/1901
Lisbeth,Sutor,168-84-7891,975-933-0201,lsutorck@123-reg.co.uk,05/21/1927
Catina,Castleton,386-17-0180,825-631-1879,ccastletoncl@state.gov,12/21/1953
Vinita,Blazek,859-27-4720,305-845-9932,vblazekcm@i2i.jp,03/29/1943
Terence,Sheaber,106-24-6706,495-647-5392,tsheabercn@cisco.com,10/28/2009
Hort,Esler,526-57-4593,799-272-5166,heslerco@ft.com,12/13/1917
Bartel,Mugglestone,467-22-3581,837-187-7274,bmugglestonecp@newsvine.com,12/23/1930
Dianne,Berney,709-93-8861,693-634-7505,dberneycq@amazonaws.com,11/17/1974
Kalli,Bortolini,641-56-8842,910-333-4989,kbortolinicr@businessinsider.com,06/11/1969
Kora,Shout,772-67-4632,776-211-2289,kshoutcs@ted.com,08/12/1949
Amos,Pulfer,834-35-1197,410-334-8047,apulferct@jiathis.com,05/26/1909
Dominga,Oakland,413-50-9143,779-439-2674,doaklandcu@soup.io,01/08/1924
Bette,Rustedge,317-88-8056,232-941-4170,brustedgecv@indiatimes.com,04/05/1902
Orville,Tooley,350-50-6479,578-790-3447,otooleycw@blog.com,04/06/1940
Mira,Skipperbottom,168-12-8477,765-104-3070,mskipperbottomcx@blogtalkradio.com,12/31/1941
Gustave,Bolver,258-10-0510,565-913-1485,gbolvercy@flickr.com,04/22/1954
Ximenes,Camilli,788-23-1479,146-276-1262,xcamillicz@globo.com,08/09/1951
Ashley,Pinnick,336-15-1499,890-353-9655,apinnickd0@nymag.com,09/04/1938
Shellie,Gamage,720-86-2509,431-374-1034,sgamaged1@sciencedaily.com,06/25/1954
Karine,Ridsdell,553-55-9304,444-246-4539,kridsdelld2@unc.edu,08/08/1925
Elihu,Duxbarry,168-54-6063,537-150-1717,eduxbarryd3@bandcamp.com,01/05/1969
Gavrielle,Dacres,755-73-1577,191-789-6043,gdacresd4@about.com,07/18/1973
Irvine,O'Halloran,528-26-3896,648-410-4530,iohallorand5@mediafire.com,03/13/1903
Cobby,Goudge,885-49-1174,844-833-6998,cgoudged6@com.com,05/17/1913
Laurene,Orris,405-96-7748,989-524-8475,lorrisd7@about.me,03/16/1928
Nike,Christophersen,810-47-8505,249-771-1554,nchristophersend8@ft.com,07/08/2001
Maurizia,Sawart,293-65-6340,892-534-2583,msawartd9@seattletimes.com,05/12/1971
Myrtie,Pimley,612-93-8017,922-587-8231,mpimleyda@addthis.com,09/26/1914
Janetta,Sussams,492-57-1073,654-274-3256,jsussamsdb@meetup.com,01/19/1979
Karin,Hounsom,588-88-5471,472-594-0582,khounsomdc@cnet.com,09/04/1983
Valdemar,Menichino,589-29-6499,227-405-3522,vmenichinodd@weebly.com,10/01/1992
Bryanty,Bundy,699-59-3958,814-394-9922,bbundyde@tripod.com,05/05/1995
Kizzee,Flintuff,138-13-3980,547-802-7599,kflintuffdf@liveinternet.ru,04/11/1915
Greggory,Astin,494-74-3218,254-455-8932,gastindg@google.co.jp,02/18/2004
Boycie,Di Francesco,117-66-7011,230-186-4599,bdifrancescodh@ameblo.jp,04/17/1982
Louella,Burrass,386-06-0344,562-372-7553,lburrassdi@amazon.co.jp,11/19/1913
Tymothy,Cloake,667-79-0452,176-524-6708,tcloakedj@wiley.com,07/12/1948
Merralee,Vernham,492-08-7482,851-876-5717,mvernhamdk@joomla.org,05/24/1948
Justin,Naulty,616-93-6063,410-991-4045,jnaultydl@linkedin.com,07/12/1917
Anny,Wisniewski,496-97-4071,896-407-1661,awisniewskidm@washington.edu,03/25/1942
Briano,McGreay,655-35-2828,612-175-2431,bmcgreaydn@booking.com,07/27/1979
Tamarah,Sallier,161-82-6322,289-812-0197,tsallierdo@vistaprint.com,05/11/1977
Thomasina,Hilldrup,436-20-3505,268-669-3058,thilldrupdp@forbes.com,07/14/2012
Ara,Shirlaw,547-18-7618,535-608-3521,ashirlawdq@phoca.cz,12/03/1902
Clarissa,Raffels,890-71-1856,815-898-0466,craffelsdr@comsenz.com,10/05/1908
Guillemette,Joburn,534-04-2310,117-266-4572,gjoburnds@netvibes.com,04/26/1983
Tan,Ranyelld,630-05-3582,633-707-3387,tranyellddt@weibo.com,08/29/1956
Debor,Holgan,551-08-0729,714-597-7251,dholgandu@shutterfly.com,11/18/1962
Gan,Bunkle,354-76-5390,415-644-2644,gbunkledv@tuttocitta.it,02/04/1920
Chandal,Tregona,884-25-2798,509-904-8978,ctregonadw@mit.edu,11/26/1921
Cathrine,Suttaby,738-30-7811,696-265-4735,csuttabydx@slideshare.net,07/31/1902
Nikkie,Willoughey,497-58-2501,892-877-9396,nwillougheydy@php.net,06/18/1927
Ethyl,Beisley,586-78-2250,647-243-7013,ebeisleydz@mysql.com,08/18/1961
Linea,Kimbell,357-47-0247,847-873-5767,lkimbelle0@examiner.com,05/21/2012
Timmy,Kuhnhardt,247-67-2818,202-743-4569,tkuhnhardte1@nsw.gov.au,03/25/1990
Frasquito,Fillary,432-35-5084,905-680-2404,ffillarye2@1und1.de,11/30/1956
Eustace,Mossbee,886-98-7938,346-333-7981,emossbeee3@flavors.me,12/20/1943
Mara,Belchamp,876-54-4937,947-838-5441,mbelchampe4@yelp.com,04/30/1987
Mady,Collumbell,495-77-4646,322-456-7732,mcollumbelle5@gravatar.com,02/23/2002
Stefania,Libby,785-78-6869,692-800-9914,slibbye6@state.tx.us,01/26/1956
Josefina,Shepton,477-47-2893,742-467-7585,jsheptone7@walmart.com,04/08/1943
Nikos,Fouracres,736-71-1073,574-973-3286,nfouracrese8@auda.org.au,06/28/1911
Doti,Fedder,791-23-2151,406-457-4970,dfeddere9@springer.com,10/19/1905
Dierdre,Hawsby,270-47-6441,945-603-9213,dhawsbyea@vkontakte.ru,06/25/2016
Nelson,Cassius,585-54-7632,294-898-1311,ncassiuseb@meetup.com,05/06/1934
Jackquelin,Klement,511-04-1169,390-375-9896,jklementec@altervista.org,05/31/1952
Gabriella,De Cristofalo,695-33-7045,331-369-9633,gdecristofaloed@google.ca,03/20/1961
Murvyn,Cuer,398-48-1478,690-606-1557,mcueree@ca.gov,09/11/1904
Darleen,McCathay,416-83-2294,491-318-7491,dmccathayef@amazon.co.uk,11/04/1978
Stephenie,Dagleas,580-11-9541,574-636-2883,sdagleaseg@samsung.com,06/18/1922
Bastien,Pargent,732-30-7248,496-741-3658,bpargenteh@github.com,08/20/1939
Birdie,Hannabus,183-24-2821,255-263-7988,bhannabusei@twitter.com,06/10/1991
Nadya,Von Der Empten,883-17-1113,428-336-6786,nvonderemptenej@redcross.org,11/15/2011
Gil,Barnish,502-07-0812,912-433-1131,gbarnishek@blog.com,07/29/1952
Candy,Fillimore,700-51-2311,830-792-5897,cfillimoreel@exblog.jp,03/25/1935
Cam,Brazer,658-20-3240,447-898-7492,cbrazerem@nih.gov,09/25/1935
Cristionna,Iacobucci,574-38-5087,555-108-5464,ciacobuccien@senate.gov,11/28/2002
Marten,Casino,420-94-9366,941-913-9958,mcasinoeo@hatena.ne.jp,08/20/1914
Guinna,Burds,596-82-1289,585-601-2087,gburdsep@printfriendly.com,07/27/1947
Frederik,Pyrah,795-75-5563,648-861-6996,fpyraheq@sun.com,02/20/1953
Johnette,Giraudot,267-82-1341,910-676-6594,jgiraudoter@surveymonkey.com,06/15/1985
Ash,Walhedd,647-38-0320,619-518-0724,awalheddes@bizjournals.com,01/12/1973
Faustine,M'Chirrie,770-64-8258,649-250-9562,fmchirrieet@latimes.com,01/10/1993
Kelila,Karppi,620-81-7548,689-549-9699,kkarppieu@weather.com,03/25/1983
Hanan,Kenner,286-62-4767,105-386-9109,hkennerev@nps.gov,11/04/1941
Lucita,Willan,776-11-2661,687-742-4826,lwillanew@istockphoto.com,10/19/1952
Luca,Nayshe,755-32-1681,392-950-4340,lnaysheex@altervista.org,08/20/2015
Avram,Lecordier,459-74-5413,158-337-7659,alecordierey@cisco.com,06/22/1928
Christan,Aslott,784-74-5144,930-656-2368,caslottez@hao123.com,01/05/2013
Nevin,Antyukhin,482-47-8545,137-684-9285,nantyukhinf0@twitpic.com,12/16/1973
Upton,Bootland,711-19-2788,392-232-6631,ubootlandf1@elpais.com,05/30/1982
Jerrold,Jurasz,553-90-5343,202-284-7137,jjuraszf2@studiopress.com,12/09/1948
Claudette,Essery,801-73-2927,851-258-8867,cesseryf3@webeden.co.uk,07/13/1906
Harland,Sammes,569-22-5841,114-385-0033,hsammesf4@blogtalkradio.com,12/02/1950
Corilla,Handasyde,684-04-0467,325-852-8959,chandasydef5@dmoz.org,01/09/1963
Judi,Blethyn,406-80-5393,936-413-3610,jblethynf6@uol.com.br,06/15/1945
Toddie,Grinyer,120-31-6392,584-846-4481,tgrinyerf7@mtv.com,01/29/1984
Colline,Fairebrother,767-31-8282,615-307-1299,cfairebrotherf8@loc.gov,01/19/1968
Brendon,Ainscow,407-75-5004,549-430-5696,bainscowf9@behance.net,12/29/1985
Tally,Addekin,451-27-7809,462-743-7015,taddekinfa@howstuffworks.com,06/29/1932
Jory,Domerq,240-75-0914,734-620-6246,jdomerqfb@wufoo.com,06/30/1931
Celine,Ricco,297-43-1055,843-152-9592,criccofc@lulu.com,05/31/1976
Dan,Joules,139-03-3075,585-599-2706,djoulesfd@hexun.com,05/18/1939
Madelyn,Rodder,360-28-5222,830-555-0321,mrodderfe@simplemachines.org,11/19/1994
Johannes,Poyntz,185-91-3493,517-356-1076,jpoyntzff@biglobe.ne.jp,02/24/2003
Leshia,Antosch,321-18-0961,977-786-7166,lantoschfg@seesaa.net,01/08/2001
Zollie,Wolstencroft,604-10-5053,761-688-4861,zwolstencroftfh@ovh.net,05/10/1972
Clive,Cluley,811-95-6567,549-807-2192,ccluleyfi@omniture.com,07/03/1930
Gretal,Tother,214-29-3742,918-918-2082,gtotherfj@cocolog-nifty.com,03/17/2005
Hashim,Grigori,103-01-9779,982-318-5314,hgrigorifk@bigcartel.com,04/04/1957
Anastasia,Davidofski,775-96-4120,254-534-6786,adavidofskifl@answers.com,12/20/1937
Rachael,MacGeffen,684-71-4857,361-971-1380,rmacgeffenfm@parallels.com,01/03/1941
Daniel,Fetters,720-94-8186,872-140-3421,dfettersfn@apple.com,05/12/1992
Roarke,Billam,411-19-4627,497-145-4445,rbillamfo@ebay.co.uk,11/15/1948
Forrest,Matzen,820-90-2620,443-937-3656,fmatzenfp@mit.edu,06/12/1951
Derry,Gammel,296-90-4306,480-811-6818,dgammelfq@weather.com,12/21/1950
Adair,Heugle,485-62-9892,564-191-8290,aheuglefr@microsoft.com,07/09/1998
Windy,Lavigne,214-80-2766,596-227-0780,wlavignefs@tripod.com,01/27/1935
Vidovik,Enser,178-72-9180,557-616-2686,venserft@intel.com,07/13/1902
Brianne,Yacob,620-09-3465,779-621-3933,byacobfu@tmall.com,06/26/1918
Merridie,McBeth,470-06-4375,129-316-7529,mmcbethfv@hp.com,08/19/1964
Herrick,Wimpeney,446-01-0280,522-708-5931,hwimpeneyfw@wisc.edu,11/21/1948
Stephani,Trill,623-53-2939,764-544-7895,strillfx@imageshack.us,08/25/1987
Raymond,Searsby,216-31-9641,551-862-0058,rsearsbyfy@indiatimes.com,01/22/1959
Heddi,Kopelman,669-54-8708,876-390-3970,hkopelmanfz@squidoo.com,12/02/2007
Obadias,Siddons,456-54-5637,686-456-5298,osiddonsg0@de.vu,01/05/1922
Sharline,Samworth,404-18-5832,606-489-2782,ssamworthg1@shinystat.com,04/08/1973
Kissiah,Castard,119-65-5628,647-151-3814,kcastardg2@nymag.com,10/18/1919
Faulkner,Norvel,478-32-3472,498-777-0989,fnorvelg3@army.mil,12/20/1930
Honey,Kovnot,210-55-3455,996-590-9866,hkovnotg4@yelp.com,06/01/1930
Gustie,Michel,358-72-1177,837-688-0106,gmichelg5@marketwatch.com,07/06/1945
Judah,Melloy,285-95-6725,735-670-3429,jmelloyg6@miibeian.gov.cn,01/02/1914
Dionisio,Bulle,207-02-7141,989-521-2984,dbulleg7@github.io,08/03/1937
Tina,Fidian,238-17-1146,879-500-0408,tfidiang8@jalbum.net,07/03/1908
Owen,Carney,252-36-4322,165-827-0788,ocarneyg9@bloomberg.com,12/29/1976
Clark,Giblin,277-67-0425,554-256-2261,cgiblinga@cam.ac.uk,12/22/1918
Rooney,Gatland,433-37-2495,778-516-4067,rgatlandgb@nasa.gov,08/08/1923
Hyacinthia,Lardeux,354-64-7229,720-683-3092,hlardeuxgc@bloglines.com,10/24/1910
Rori,Grieg,298-42-0338,943-483-7037,rgrieggd@diigo.com,03/21/2011
Fielding,de Villier,424-36-5064,130-901-2946,fdevillierge@t-online.de,05/01/1906
Nate,Mulliss,562-38-3024,937-538-1375,nmullissgf@google.ru,11/17/1981
Swen,Towersey,727-64-9869,225-640-0697,stowerseygg@sfgate.com,09/20/1982
Norbert,Helmke,832-88-8717,564-990-2545,nhelmkegh@dyndns.org,08/19/2011
Felic,Yurkevich,781-05-0815,440-316-5749,fyurkevichgi@marriott.com,11/06/1904
Amargo,Ellerker,217-78-7663,222-362-0104,aellerkergj@jugem.jp,08/21/1960
Herve,Jennaroy,820-03-3523,866-361-1604,hjennaroygk@4shared.com,03/19/1998
Catrina,Martinuzzi,407-77-4001,981-336-8274,cmartinuzzigl@technorati.com,08/22/1910
Salomon,Cave,678-38-3586,892-756-4354,scavegm@upenn.edu,09/20/2018
Read,de Zamora,713-90-0938,156-344-8861,rdezamoragn@vkontakte.ru,03/26/1940
Ferdinand,Reder,484-87-2729,876-783-4089,fredergo@sohu.com,08/14/1952
Henryetta,Quimby,481-88-8943,262-655-7764,hquimbygp@furl.net,12/20/1999
Greta,Ponsford,364-80-9706,720-347-7424,gponsfordgq@altervista.org,11/18/1907
Kathlin,Terney,102-67-0078,476-155-2412,kterneygr@state.tx.us,04/10/1927
Gaile,Skrzynski,355-60-1551,717-471-3696,gskrzynskigs@simplemachines.org,05/27/1978
Alford,Deville,426-31-0827,733-643-8073,adevillegt@ebay.co.uk,01/28/1988
Leesa,Rettie,128-06-8806,838-912-2864,lrettiegu@state.gov,06/25/1905
Shaun,Meece,413-53-3925,954-285-2509,smeecegv@1688.com,05/27/1923
Melody,Dureden,895-39-2112,986-776-0505,mduredengw@ca.gov,02/26/1921
Fergus,Wathell,262-52-5894,933-434-7171,fwathellgx@tmall.com,09/07/1948
Verile,Rouff,100-46-5582,675-669-4371,vrouffgy@purevolume.com,11/06/1954
Celene,Moncur,706-05-9873,132-571-4306,cmoncurgz@bloglines.com,11/28/1974
Renae,Leming,531-72-8247,694-702-3535,rlemingh0@jimdo.com,09/03/1924
Dorolice,Devall,507-80-4009,468-405-7473,ddevallh1@pbs.org,05/07/1998
Erick,Varvell,157-79-7390,942-520-6814,evarvellh2@amazon.com,03/05/1915
Shay,Nunes Nabarro,103-60-7975,522-728-6243,snunesnabarroh3@java.com,05/25/1939
Paulita,Lejeune,358-57-4526,533-338-4216,plejeuneh4@deliciousdays.com,06/30/1932
Roxanne,Canto,476-34-3622,941-834-4443,rcantoh5@squarespace.com,01/12/1940
Orsa,Richardt,869-72-1726,792-854-1457,orichardth6@dion.ne.jp,03/28/1910
Tamarra,Brothwood,712-94-0656,770-392-2866,tbrothwoodh7@paypal.com,11/28/2012
Nanine,Shirrell,755-55-5893,807-400-3942,nshirrellh8@istockphoto.com,08/08/1991
Julee,Shingles,686-57-1515,254-630-8682,jshinglesh9@nyu.edu,03/14/2007
Ferrel,April,788-20-5183,427-530-6099,faprilha@google.com,12/03/1957
Francois,Burgot,121-82-2045,294-347-7568,fburgothb@yelp.com,11/17/1951
Gloriane,Seager,499-98-4954,599-159-8330,gseagerhc@rediff.com,09/04/1951
Oona,Maffin,107-14-6413,166-552-6952,omaffinhd@elegantthemes.com,07/17/1956
Theodore,Howman,761-38-9082,893-843-6040,thowmanhe@upenn.edu,03/27/1990
Lee,Kissack,482-46-3666,201-936-5995,lkissackhf@archive.org,08/07/1973
Clywd,Pardew,752-82-4870,264-585-7386,cpardewhg@eventbrite.com,11/15/1953
Judith,Crumly,895-12-3902,352-505-3769,jcrumlyhh@addtoany.com,05/27/1966
Waylan,Haggith,542-60-6430,513-490-3088,whaggithhi@delicious.com,07/21/2005
Jacquie,Heymann,482-93-3411,181-892-9416,jheymannhj@free.fr,07/16/1960
Sarine,Pepis,757-40-4935,608-575-9884,spepishk@comsenz.com,12/30/1961
Bryn,Flaverty,106-27-9120,379-635-8437,bflavertyhl@home.pl,01/21/2003
Brewster,Beatens,780-21-4459,456-153-3728,bbeatenshm@wordpress.org,08/01/1997
Grange,Fidele,179-46-6212,115-390-6643,gfidelehn@soundcloud.com,04/30/1941
Northrop,Castillon,515-52-2836,269-428-3158,ncastillonho@histats.com,05/02/1981
Hinda,Fairbank,277-32-0996,914-364-5060,hfairbankhp@bloomberg.com,08/21/2014
Cletus,Petrushka,347-25-2238,206-794-6214,cpetrushkahq@google.com.au,01/09/1968
Zandra,MacMorland,778-11-1006,806-612-8175,zmacmorlandhr@discuz.net,01/19/1943
Verna,Verrill,347-01-3890,473-971-0196,vverrillhs@prnewswire.com,01/18/2012
Florella,Canceller,777-03-9676,454-175-9042,fcancellerht@pinterest.com,11/30/1950
Elane,Barneveld,652-15-9368,599-466-6992,ebarneveldhu@blogs.com,11/02/1949
Aurea,Laurant,180-93-3364,732-668-1710,alauranthv@de.vu,04/14/1980
Arlie,Retchford,479-86-3316,268-703-4402,aretchfordhw@earthlink.net,12/16/1965
Sherie,Drake,397-74-2649,501-106-0870,sdrakehx@washingtonpost.com,11/26/1948
Chip,Dinnington,138-32-5402,524-433-0854,cdinningtonhy@cdbaby.com,03/21/1954
Mellie,Isakovitch,604-86-7137,959-733-4757,misakovitchhz@uiuc.edu,05/27/1979
Nikaniki,Sillis,675-95-4653,357-867-5142,nsillisi0@upenn.edu,11/17/2004
Renata,Rodie,306-27-8696,689-105-3736,rrodiei1@epa.gov,09/23/1953
Papagena,Zuanelli,279-04-5632,412-889-6680,pzuanellii2@arstechnica.com,12/29/2014
Devora,Geri,503-91-9940,860-335-1390,dgerii3@opensource.org,05/13/1949
Dynah,Runciman,771-98-3469,407-662-1879,druncimani4@topsy.com,01/12/1987
Audra,Grissett,345-68-1074,329-503-6453,agrissetti5@gov.uk,04/12/1934
Doll,Cattow,259-36-0404,814-361-4967,dcattowi6@51.la,09/05/2003
Trevar,Cosker,651-49-5461,181-849-5945,tcoskeri7@yolasite.com,04/30/1934
Clair,Robb,479-63-4420,581-849-1548,crobbi8@webnode.com,11/19/2017
Diego,Ruoff,592-94-8489,782-135-6266,druoffi9@twitpic.com,01/15/1974
Victor,Cluelow,328-75-3785,425-772-3515,vcluelowia@opensource.org,10/05/1942
Alessandra,Dover,117-96-1351,215-763-8471,adoverib@surveymonkey.com,02/09/1996
Eldredge,Carlill,727-23-2510,792-847-0285,ecarlillic@godaddy.com,01/29/1933
Heidi,Skouling,789-67-8518,824-370-3334,hskoulingid@hatena.ne.jp,06/30/1992
Anastassia,Matula,745-81-3428,174-222-0150,amatulaie@yahoo.co.jp,04/08/1904
Jinny,Clapston,671-69-9085,683-556-6624,jclapstonif@princeton.edu,07/03/1935
Judah,Aiskovitch,769-63-1602,793-747-2687,jaiskovitchig@bigcartel.com,12/16/1930
Obadias,Jacomb,218-47-4557,891-337-5480,ojacombih@globo.com,02/08/1934
Griff,Frapwell,453-82-2098,116-908-0914,gfrapwellii@indiatimes.com,07/26/1952
Shaine,Train,259-98-4867,354-941-7417,strainij@php.net,01/22/1958
Kirbee,Chittie,788-81-7234,598-819-7530,kchittieik@bbc.co.uk,08/04/1941
Morgun,Gorce,893-26-7699,121-612-5198,mgorceil@marketwatch.com,02/21/1995
Obie,Rummer,786-36-4036,940-190-8732,orummerim@columbia.edu,01/18/1962
Gonzales,Attersoll,689-15-4105,750-298-0889,gattersollin@cam.ac.uk,04/08/1957
Astra,Duggary,609-21-6595,151-984-3775,aduggaryio@unesco.org,10/03/1930
Dorella,Archard,452-40-1590,119-573-4168,darchardip@infoseek.co.jp,12/25/1958
Kati,Cardall,675-53-1821,275-296-3523,kcardalliq@walmart.com,04/27/1962
Teresina,Martonfi,396-63-9975,947-857-2611,tmartonfiir@exblog.jp,11/17/1938
Nat,Batthew,866-62-3098,372-249-2373,nbatthewis@ovh.net,10/11/1947
Krishnah,Blezard,834-01-3587,508-296-8751,kblezardit@paginegialle.it,11/14/2010
Hildy,Leverentz,812-30-7247,672-302-4110,hleverentziu@google.ca,01/03/1948
Merilee,Dyott,603-36-6009,338-415-8289,mdyottiv@upenn.edu,12/28/1935
Isaak,Cockley,839-68-0556,555-168-3434,icockleyiw@bbc.co.uk,11/25/1945
Amelita,Branton,635-64-8982,480-801-2856,abrantonix@smh.com.au,01/08/2017
Sidnee,Parmer,184-61-8824,390-306-6597,sparmeriy@pen.io,04/30/1935
Latrina,Leftwich,887-35-9124,667-565-9422,lleftwichiz@zimbio.com,11/19/1996
Gerri,McGarel,391-41-2286,310-195-0130,gmcgarelj0@quantcast.com,10/31/1988
Seymour,Hagart,202-96-9981,858-281-4976,shagartj1@plala.or.jp,02/20/1950
Ava,Gaize,558-16-8182,703-698-6130,agaizej2@rediff.com,08/02/1989
Liv,Pine,369-29-6800,418-999-2714,lpinej3@yahoo.com,05/13/1932
Joanne,Rentenbeck,114-53-9768,474-515-5950,jrentenbeckj4@nyu.edu,11/26/1917
Rory,Hebbs,404-47-8092,431-836-5305,rhebbsj5@usatoday.com,09/18/1904
Madelena,Whissell,813-66-5498,933-905-7840,mwhissellj6@army.mil,11/02/1958
Arlee,Kempster,457-41-9720,473-462-5476,akempsterj7@dailymotion.com,12/18/1999
Tanner,Lowless,277-62-9401,400-941-6475,tlowlessj8@goo.ne.jp,11/28/1978
Dyane,Smorthwaite,352-27-1772,177-948-2088,dsmorthwaitej9@linkedin.com,03/29/1957
Mason,Fray,654-19-4141,864-207-1187,mfrayja@mashable.com,12/22/2006
Aeriell,Westbrook,895-82-9033,735-944-3999,awestbrookjb@nifty.com,04/12/1916
Merle,Hrycek,171-40-4737,711-244-1619,mhrycekjc@eventbrite.com,03/28/2011
Eldin,Rhymes,628-57-1873,237-663-2951,erhymesjd@theguardian.com,12/05/2018
Hoebart,Paulon,288-51-7888,674-497-6283,hpaulonje@ow.ly,12/04/1962
Benjamin,Moxon,231-61-0625,154-939-4919,bmoxonjf@acquirethisname.com,07/08/1923
Edward,Gyles,629-34-3934,893-343-9450,egylesjg@vkontakte.ru,09/22/1975
Cyb,Stonhard,449-33-7563,126-478-5147,cstonhardjh@ftc.gov,07/25/1983
Philly,Surcombe,895-63-1545,786-225-4052,psurcombeji@goo.gl,05/01/2013
Ami,MacAless,397-75-3406,471-186-4251,amacalessjj@eventbrite.com,08/03/1931
Emeline,Schober,496-66-1009,312-946-1800,eschoberjk@youtube.com,04/15/2019
Laurena,O'Dyvoie,172-57-9492,362-233-8325,lodyvoiejl@msn.com,11/28/1915
Donny,Parton,697-80-6699,982-811-0223,dpartonjm@nbcnews.com,06/01/1932
Andie,Shields,790-46-9671,696-368-0020,ashieldsjn@spiegel.de,01/23/2019
Juliane,Aslet,291-24-0759,326-933-7172,jasletjo@timesonline.co.uk,05/01/2000
Pyotr,Brumfitt,417-06-9696,808-493-7088,pbrumfittjp@mlb.com,03/30/1965
Ellwood,Giraudat,822-72-0384,493-754-7263,egiraudatjq@engadget.com,06/29/1998
Neysa,Antonin,613-11-6535,144-121-2974,nantoninjr@w3.org,05/20/2015
Matthias,Moen,307-52-6748,660-532-4672,mmoenjs@wisc.edu,08/16/1912
Pammy,Veevers,159-54-3513,320-940-2063,pveeversjt@360.cn,10/02/1986
Elfie,Bondy,783-17-8218,366-977-3498,ebondyju@cafepress.com,10/04/1900
Susann,Trobey,479-75-1701,383-327-7224,strobeyjv@mediafire.com,10/21/1951
Juditha,Pitchers,379-08-8324,436-633-9748,jpitchersjw@dyndns.org,11/19/1934
Kalli,Adamovitch,419-82-0887,551-304-0936,kadamovitchjx@fema.gov,11/26/1941
Teodoro,Scargle,878-81-4544,195-511-6760,tscarglejy@intel.com,05/09/1922
Jillayne,Stubs,791-79-2952,550-534-0732,jstubsjz@barnesandnoble.com,03/03/1929
Charlene,Acom,868-03-8681,423-746-2404,cacomk0@wikimedia.org,03/11/1909
Sigfrid,Covotto,762-34-9035,735-269-8117,scovottok1@people.com.cn,03/24/1971
Christian,Domelaw,834-08-0802,460-156-0633,cdomelawk2@1und1.de,08/19/1990
Alexi,Rymell,864-82-3436,513-198-5697,arymellk3@sitemeter.com,07/04/1945
Alvie,Lohering,685-42-5836,648-375-1732,aloheringk4@amazon.co.uk,04/26/1964
Derrik,Hacun,516-41-5439,138-268-2713,dhacunk5@google.ru,01/21/1926
Nelson,Sowten,398-23-7845,300-261-5994,nsowtenk6@jigsy.com,06/25/1993
Jarid,Binfield,327-09-6096,647-554-6870,jbinfieldk7@shutterfly.com,11/26/2017
Hannis,Hasselby,631-60-1641,148-545-1123,hhasselbyk8@squidoo.com,09/27/1947
Cam,Meddemmen,513-72-7968,748-329-1158,cmeddemmenk9@cyberchimps.com,04/08/1919
Milicent,Ebourne,271-63-7629,502-405-4186,mebourneka@meetup.com,12/01/1909
Archy,Trewett,765-93-3298,978-141-0245,atrewettkb@miibeian.gov.cn,03/07/1953
Rois,Banaszkiewicz,304-49-4094,717-245-8111,rbanaszkiewiczkc@goodreads.com,10/22/1933
Consuela,Goering,722-24-0320,546-657-1256,cgoeringkd@homestead.com,10/05/1976
Bernadina,Hedaux,408-25-1594,458-783-0083,bhedauxke@cafepress.com,02/13/1991
Marwin,Gainor,438-55-8171,647-698-7849,mgainorkf@wufoo.com,12/05/2007
Jaime,Izzat,613-64-2190,383-752-5844,jizzatkg@google.ru,05/28/1938
Mohandis,Breche,535-27-3801,253-685-0711,mbrechekh@soup.io,02/29/1940
Jarrid,Brimacombe,603-80-1383,937-578-9578,jbrimacombeki@webeden.co.uk,08/03/1908
Zabrina,Leteurtre,478-38-8332,367-212-5021,zleteurtrekj@fc2.com,06/22/1904
Colman,Dmtrovic,584-06-6818,169-794-3842,cdmtrovickk@yandex.ru,07/17/1955
Kath,Biaggiotti,459-99-0258,285-920-9490,kbiaggiottikl@paginegialle.it,08/29/1991
Jedediah,Ovanesian,727-79-7055,259-963-5958,jovanesiankm@angelfire.com,09/02/1906
Theodore,Rubie,841-35-4697,295-512-2632,trubiekn@skype.com,04/27/2014
Dilly,Antrack,126-60-2493,816-480-5822,dantrackko@squidoo.com,06/21/2017
Waiter,Glancy,197-56-1374,313-657-3737,wglancykp@nature.com,12/11/2013
Starla,Lindgren,377-40-2262,907-747-7154,slindgrenkq@typepad.com,05/12/1947
Corine,Erridge,836-34-2223,167-441-9571,cerridgekr@whitehouse.gov,05/17/1979
Catie,Sandall,695-15-3339,215-935-4431,csandallks@craigslist.org,03/31/1999
Belvia,Partner,351-70-3219,586-505-0872,bpartnerkt@pinterest.com,03/30/2014
Lurleen,Padgham,727-83-7409,983-837-7565,lpadghamku@utexas.edu,08/31/2017
Cheston,St Ange,396-57-8582,183-135-6189,cstangekv@netscape.com,09/08/1931
Yankee,O'Doghesty,806-46-3620,125-736-3643,yodoghestykw@phoca.cz,11/04/1999
Hillard,Allitt,649-47-6029,828-100-2534,hallittkx@si.edu,12/14/1966
Bonnee,Godar,400-31-5169,430-600-3005,bgodarky@networksolutions.com,06/25/1904
Tomasina,Eyre,203-64-0041,257-922-6884,teyrekz@indiegogo.com,11/29/1960
Natka,Lay,828-35-8182,624-717-9343,nlayl0@google.co.uk,11/01/1931
Aron,Fenton,838-25-0331,654-317-3434,afentonl1@exblog.jp,06/14/1976
Aurie,Ogilvy,468-26-8187,179-200-1380,aogilvyl2@theglobeandmail.com,08/13/1969
Donovan,Lighten,472-22-7878,704-141-3820,dlightenl3@netscape.com,06/13/1916
Bryanty,Bortolussi,345-12-2534,723-933-3857,bbortolussil4@java.com,06/29/1985
Cassondra,Minger,238-61-2821,669-913-7657,cmingerl5@ifeng.com,03/03/1980
Cindy,Skeermer,303-62-9031,439-419-1303,cskeermerl6@twitpic.com,07/04/1930
Fair,Robbeke,867-09-8850,187-778-4753,frobbekel7@photobucket.com,08/09/1925
Doy,Grain,807-91-7815,221-934-8386,dgrainl8@dailymail.co.uk,06/25/2010
Sarette,Joanic,688-10-2399,886-232-9222,sjoanicl9@tripadvisor.com,08/06/1959
Casey,MacIlraith,733-98-9987,991-963-1375,cmacilraithla@unblog.fr,01/25/1935
Llewellyn,Teesdale,152-37-5086,243-818-1301,lteesdalelb@1und1.de,06/27/1957
Sibyl,Muzzlewhite,158-40-1331,223-758-0253,smuzzlewhitelc@timesonline.co.uk,06/12/2000
Candy,Proffer,538-53-2014,748-277-2049,cprofferld@mit.edu,12/22/1991
Izabel,Jirek,700-42-9050,521-828-9150,ijirekle@about.com,06/26/1919
Shanan,Clarson,670-76-5542,630-824-5361,sclarsonlf@redcross.org,07/14/1994
Suzanna,Cuttles,484-69-3492,177-227-0417,scuttleslg@php.net,01/06/1987
Tommie,Gillham,645-40-1034,496-499-4251,tgillhamlh@squarespace.com,01/07/2018
Claiborn,Espin,458-30-2844,711-566-5162,cespinli@live.com,04/15/1902
Morgun,Hamprecht,836-65-1638,551-666-3079,mhamprechtlj@hatena.ne.jp,01/14/2008
Nealon,Ghirardi,533-07-2875,681-197-3745,nghirardilk@hibu.com,03/23/1927
Lotta,Latore,689-64-5523,272-333-9386,llatorell@aol.com,05/26/1916
Mindy,Hunting,161-31-3924,494-534-9895,mhuntinglm@house.gov,03/10/1987
Edik,Gookes,811-13-5841,937-347-7976,egookesln@hubpages.com,10/31/1986
Hannis,Siseland,353-84-3079,411-451-2302,hsiselandlo@amazonaws.com,04/30/1952
Obediah,Horry,861-30-9823,356-628-3084,ohorrylp@who.int,02/22/1990
Riobard,Dews,276-15-3258,774-925-9115,rdewslq@google.it,09/01/2012
Catie,Canero,130-62-8543,376-295-3387,ccanerolr@discuz.net,11/14/1915
Whit,Wines,232-80-6801,848-684-3572,wwinesls@weibo.com,02/04/2018
Kassandra,Speer,783-60-6206,239-465-7081,kspeerlt@dropbox.com,04/09/1965
Skye,Rollings,113-22-1245,615-405-2515,srollingslu@illinois.edu,08/04/1934
Calley,De Blasi,117-59-0166,679-163-4132,cdeblasilv@msn.com,01/26/1990
Perri,Callard,717-11-2888,713-697-6402,pcallardlw@godaddy.com,05/29/1965
Joannes,Jailler,575-10-8659,102-356-2263,jjaillerlx@goo.ne.jp,03/04/1901
Bard,McPhate,751-24-1748,196-924-5947,bmcphately@jugem.jp,08/24/1906
Pail,Danilishin,538-95-9632,783-922-2039,pdanilishinlz@sbwire.com,11/27/1905
Margaretha,Boggish,519-52-1614,715-820-9754,mboggishm0@artisteer.com,05/14/1917
Jerrold,Leckenby,399-27-8032,870-176-7063,jleckenbym1@last.fm,02/20/1956
Elton,Fowle,813-68-2120,989-990-0092,efowlem2@ezinearticles.com,12/23/1997
Retha,McKennan,729-46-8693,247-321-8788,rmckennanm3@mapquest.com,07/14/1967
Corilla,Heskey,878-99-9840,829-880-4750,cheskeym4@csmonitor.com,06/09/1981
Porty,Burfitt,138-43-9408,706-474-8173,pburfittm5@imdb.com,04/23/1944
Cariotta,Batting,355-40-4088,860-993-5307,cbattingm6@elegantthemes.com,11/26/1924
Nick,Daltrey,277-36-4661,430-413-1815,ndaltreym7@fc2.com,01/18/1918
Wheeler,Crosbie,607-25-8783,421-705-7703,wcrosbiem8@odnoklassniki.ru,05/04/2001
Amity,Presslee,869-12-2928,804-538-3878,apressleem9@drupal.org,10/21/1945
Hilary,Maylard,842-22-6037,447-279-0569,hmaylardma@canalblog.com,01/11/1938
Carlos,McHugh,283-21-8246,875-308-7845,cmchughmb@dailymotion.com,12/05/1971
Flem,Piet,872-81-2402,879-597-4551,fpietmc@jiathis.com,04/26/1998
Jonis,De Angelo,190-19-3691,867-668-7451,jdeangelomd@liveinternet.ru,01/06/1977
Lorraine,Pengilley,870-63-3202,403-530-7558,lpengilleyme@flavors.me,11/21/1910
Garvy,Blakeman,846-63-4492,206-587-5356,gblakemanmf@china.com.cn,03/10/1987
Knox,Bangiard,394-43-0272,169-795-8784,kbangiardmg@ehow.com,09/22/1904
Shermie,MacFaell,808-76-2233,932-493-5891,smacfaellmh@mit.edu,05/03/1957
Roze,Wager,207-08-9721,988-182-3874,rwagermi@vkontakte.ru,09/04/1917
Yoshiko,Bullar,877-28-2055,302-807-0104,ybullarmj@epa.gov,04/13/2013
Martita,Dennidge,288-41-5249,239-442-7001,mdennidgemk@yahoo.com,12/18/1937
Norma,O'Shields,893-95-0362,624-509-2468,noshieldsml@dyndns.org,12/19/1956
Nial,Halladey,850-61-6791,429-394-6898,nhalladeymm@usgs.gov,01/13/1910
Arabel,Boch,810-37-6810,977-683-8297,abochmn@gmpg.org,04/03/1933
Kermie,Blazic,156-51-4105,303-393-9930,kblazicmo@trellian.com,01/30/1931
Justus,Menci,197-09-5321,754-236-5711,jmencimp@xing.com,05/14/1917
Miner,Sanchiz,836-99-5913,566-890-9126,msanchizmq@newyorker.com,03/08/1930
Bari,Tollit,438-73-7608,920-777-2180,btollitmr@dailymotion.com,10/23/1972
Evelyn,Plet,294-41-8835,471-873-7889,epletms@salon.com,01/04/2001
Beverlie,Lattka,616-16-6792,421-638-2372,blattkamt@dagondesign.com,05/03/1907
Jewell,Kennerknecht,733-80-4313,769-395-9229,jkennerknechtmu@ucsd.edu,10/02/1939
Reggie,Woodfine,597-78-6353,397-817-9118,rwoodfinemv@businesswire.com,12/26/1987
Cleavland,Starten,706-72-8118,501-792-0449,cstartenmw@networkadvertising.org,08/27/1967
Vidovik,Ashdown,294-87-0845,935-523-4687,vashdownmx@phoca.cz,10/04/1934
Pren,Chern,725-61-8353,844-701-2945,pchernmy@lulu.com,11/28/1977
Claribel,Marcu,713-52-3585,147-273-1357,cmarcumz@prnewswire.com,08/18/1927
Norry,Rosetti,162-18-7346,327-442-6986,nrosettin0@java.com,03/26/1990
Boycie,Eslie,410-52-1537,651-241-0220,beslien1@virginia.edu,07/10/1906
Petronilla,Peever,270-32-2255,301-245-4191,ppeevern2@marriott.com,03/31/1971
Anna-maria,Bynold,340-32-7812,683-449-2666,abynoldn3@berkeley.edu,09/25/1933
Carry,Windeatt,417-31-8683,346-866-5064,cwindeattn4@fastcompany.com,04/27/1966
Kaitlyn,Cosson,309-40-4752,712-269-4581,kcossonn5@gmpg.org,07/23/1986
Zora,Joselovitch,801-45-1904,364-920-7792,zjoselovitchn6@alibaba.com,07/30/1943
Derril,Chasteney,563-35-4133,571-930-6173,dchasteneyn7@chronoengine.com,01/15/1954
Cary,Froschauer,176-87-3919,960-709-0806,cfroschauern8@lycos.com,04/20/2007
Ibrahim,Greschik,814-63-6795,192-551-0657,igreschikn9@nps.gov,02/10/1953
Fraser,Scurman,586-58-0267,983-605-9718,fscurmanna@boston.com,02/25/1949
Gal,Balf,253-56-8379,439-621-8344,gbalfnb@tmall.com,05/05/1906
Miles,Tucknutt,323-77-1182,414-130-6280,mtucknuttnc@blogtalkradio.com,09/02/1964
Wadsworth,Harbard,396-47-7409,706-783-9519,wharbardnd@themeforest.net,01/18/1976
Lanette,Sefton,143-70-7643,405-487-1118,lseftonne@networkadvertising.org,05/12/1938
Gan,Callen,603-08-0179,355-590-2060,gcallennf@plala.or.jp,02/14/2003
Way,Doley,709-88-5586,816-246-9744,wdoleyng@who.int,03/21/1938
Gustavus,Bleythin,248-55-8604,789-817-4612,gbleythinnh@nhs.uk,07/13/2018
Therine,Barhims,575-39-7294,551-475-4174,tbarhimsni@mysql.com,01/05/1929
Corina,Raffeorty,107-09-2344,750-269-0528,craffeortynj@cornell.edu,11/24/1981
Willie,Leahy,267-85-1823,612-359-8876,wleahynk@sakura.ne.jp,10/29/1927
Esmaria,Raith,495-26-5260,804-445-6154,eraithnl@deviantart.com,05/21/1941
Bondie,Brocklebank,619-21-4765,306-790-8074,bbrocklebanknm@economist.com,08/03/2007
Anderea,Godfrey,241-69-3734,106-420-9615,agodfreynn@infoseek.co.jp,04/29/1954
Corbin,Smewings,850-11-4513,162-180-9639,csmewingsno@theatlantic.com,06/29/1920
Christian,Flowith,856-19-9016,956-456-5385,cflowithnp@hexun.com,11/28/1925
Georgeta,Grindlay,818-83-3362,632-709-9439,ggrindlaynq@wisc.edu,10/02/1901
Ninette,Brownsell,650-04-3429,249-267-0306,nbrownsellnr@google.it,11/24/1953
Karry,Antoni,514-66-4657,979-883-0744,kantonins@paypal.com,06/04/1913
Simeon,Ambrosoni,574-99-1428,592-650-7597,sambrosonint@4shared.com,11/04/1969
Monti,Ritchley,496-38-1007,631-932-3566,mritchleynu@disqus.com,06/14/1923
Pete,Akenhead,716-73-8951,460-261-2617,pakenheadnv@pbs.org,07/11/1954
Shandie,Rosita,347-74-2917,277-803-2156,srositanw@rakuten.co.jp,03/22/1984
Guillaume,Tolussi,799-59-0189,613-746-7999,gtolussinx@cisco.com,01/07/2000
Korie,Maxfield,131-01-1605,546-726-5895,kmaxfieldny@list-manage.com,06/28/2007
Langston,Gillivrie,322-38-1472,928-402-5884,lgillivrienz@time.com,06/04/1990
Elka,Larne,581-61-6896,773-240-9820,elarneo0@symantec.com,06/08/1974
Anastasia,Allenson,844-28-8503,503-490-8386,aallensono1@networksolutions.com,08/19/1935
Rosemarie,Caulkett,316-14-2637,954-511-3393,rcaulketto2@reference.com,07/16/2000
Erica,Yoskowitz,379-91-0176,234-305-4113,eyoskowitzo3@blogtalkradio.com,04/06/1947
Stacy,Dismore,414-03-6492,316-252-8845,sdismoreo4@springer.com,10/17/2006
Bernardine,Terrans,694-88-7172,723-935-3264,bterranso5@tuttocitta.it,04/20/1925
Patty,Lamont,821-54-5992,119-667-2515,plamonto6@spotify.com,04/10/1916
Sascha,Endrighi,688-39-3295,653-159-2263,sendrighio7@chronoengine.com,10/17/1947
Rosemonde,Breeder,423-44-1365,743-399-2548,rbreedero8@washingtonpost.com,01/17/1901
Joli,De Biasio,169-25-9705,707-930-7310,jdebiasioo9@wikimedia.org,04/18/1990
Lynea,Gives,156-78-9491,558-454-6083,lgivesoa@behance.net,03/22/1929
Abby,Elvey,595-59-6271,499-418-6693,aelveyob@acquirethisname.com,05/23/1965
Olivero,Beckinsall,501-75-9199,433-350-8192,obeckinsalloc@ucoz.ru,12/30/2010
Akim,Oliphant,812-70-9066,229-134-4780,aoliphantod@harvard.edu,07/09/1902
Hanson,Skellion,276-07-3301,822-768-8026,hskellionoe@example.com,10/30/1902
Avivah,Clawley,175-98-8206,711-135-7912,aclawleyof@youku.com,11/04/1931
Lira,Docherty,771-88-0111,137-891-8430,ldochertyog@apple.com,08/04/1972
Wenonah,Croley,509-80-5778,195-967-5229,wcroleyoh@google.pl,06/24/1974
Maighdiln,Banham,587-70-3426,811-186-4629,mbanhamoi@salon.com,04/23/1982
Jacquette,Marlen,671-05-8254,590-634-0961,jmarlenoj@latimes.com,11/28/2006
Blane,Dukesbury,591-12-0185,173-557-4556,bdukesburyok@google.pl,03/13/1942
Margarette,Masarrat,747-28-0429,458-362-2093,mmasarratol@bluehost.com,09/17/1922
Maye,Camillo,431-92-6289,867-257-6791,mcamilloom@ted.com,04/09/1913
Marya,Wooffitt,295-51-2783,934-805-5766,mwooffitton@t.co,04/03/2008
Gilles,Capnor,226-07-6704,702-540-8748,gcapnoroo@cargocollective.com,07/08/1927
Mord,Newlove,431-23-4627,131-740-3344,mnewloveop@twitpic.com,10/11/1939
Nathalia,Atter,568-58-0722,609-311-6431,natteroq@woothemes.com,01/11/1978
Hanni,Hardern,190-83-3908,707-786-2864,hhardernor@moonfruit.com,01/23/1982
Ajay,Ventura,554-06-0975,691-400-6742,aventuraos@wsj.com,09/13/1925
Evanne,Jotcham,151-89-7519,554-970-1061,ejotchamot@home.pl,01/03/1988
Keelia,Chaff,383-18-2858,309-935-4985,kchaffou@bloglovin.com,01/30/1941
Lillis,Garley,801-66-5898,612-974-3359,lgarleyov@surveymonkey.com,02/26/1991
Franzen,Asson,849-34-5565,553-262-2781,fassonow@over-blog.com,12/09/1975
Sutton,Kinsley,471-13-3297,341-886-8370,skinsleyox@ucoz.ru,01/31/1942
Stu,Fontanet,783-06-1534,235-855-8085,sfontanetoy@si.edu,05/05/1925
Nathanael,Pawelke,615-05-4541,660-347-0064,npawelkeoz@t.co,08/17/1923
Rosalind,Teodori,357-33-2801,760-487-4763,rteodorip0@amazonaws.com,01/22/2001
Madelene,Hoodlass,148-44-0823,782-470-4570,mhoodlassp1@ftc.gov,08/20/1919
Wendel,Kemble,529-07-8263,151-907-8376,wkemblep2@e-recht24.de,06/22/1990
Claudette,Ionesco,546-99-3595,446-643-0861,cionescop3@ucla.edu,02/10/1936
Augustine,Pionter,206-90-9903,166-777-8848,apionterp4@google.nl,08/11/1935
Rubetta,Grishunin,484-35-8756,723-810-6335,rgrishuninp5@t.co,01/01/1968
Henrie,Beckey,876-76-3295,427-887-9109,hbeckeyp6@auda.org.au,03/14/1926
Claiborne,Rubens,737-30-8958,779-700-0381,crubensp7@cnbc.com,09/28/1992
Auguste,Narbett,495-90-9059,227-290-6798,anarbettp8@boston.com,11/20/1925
Evonne,Walkden,659-60-4137,280-362-3341,ewalkdenp9@hugedomains.com,09/10/1910
Wheeler,Byfford,273-11-0488,113-836-4392,wbyffordpa@addtoany.com,12/30/1920
Rob,McGeady,820-56-8246,644-500-6583,rmcgeadypb@illinois.edu,11/03/1967
Wilona,Pischel,693-95-4847,487-768-1234,wpischelpc@aol.com,02/14/1987
Zed,Willoway,253-30-1589,191-334-4707,zwillowaypd@issuu.com,10/10/2004
Agnese,Matysik,588-35-9717,501-519-8907,amatysikpe@ca.gov,10/20/1959
Gunter,Abdee,775-93-8401,808-301-2687,gabdeepf@msn.com,07/09/1930
Humberto,Carnihan,693-54-7668,476-633-2604,hcarnihanpg@gov.uk,08/23/1901
Rory,Vedyashkin,359-71-8380,633-513-1443,rvedyashkinph@xing.com,05/07/2012
Putnem,Nicolson,195-42-6400,106-717-1415,pnicolsonpi@skyrock.com,11/09/1929
Dannie,Melby,326-24-1385,571-449-2685,dmelbypj@examiner.com,04/28/1958
Rosco,de Marco,233-33-3080,462-329-3875,rdemarcopk@uol.com.br,10/08/1925
Gard,Shory,584-81-0356,540-272-1241,gshorypl@g.co,03/23/1996
Conant,Braunton,207-67-3994,166-109-3611,cbrauntonpm@stanford.edu,12/15/1996
Lorin,Hundal,799-71-3901,932-592-8932,lhundalpn@lulu.com,01/07/1901
Lester,Mc Cahey,204-92-3519,374-637-7241,lmccaheypo@loc.gov,03/24/1941
Kellyann,Lunnon,622-48-2899,755-338-4348,klunnonpp@macromedia.com,04/09/1945
Bernice,Carthy,301-07-4221,985-731-9928,bcarthypq@godaddy.com,02/06/1967
Sue,Giraudel,863-47-9999,979-477-5150,sgiraudelpr@zimbio.com,02/18/1904
Shirlene,Goneau,390-95-1344,347-898-0083,sgoneaups@de.vu,04/04/2009
Alexander,Seth,669-61-4233,625-126-1433,asethpt@phpbb.com,02/19/1963
Bertie,Slyme,184-02-7872,174-354-5685,bslymepu@ucoz.ru,12/04/1975
Madalena,Downer,238-82-6501,219-753-5719,mdownerpv@ycombinator.com,04/27/1949
Trixy,Duthie,526-98-7229,101-798-6773,tduthiepw@slashdot.org,09/02/1970
Michaelina,Deignan,796-41-5805,632-247-4075,mdeignanpx@vkontakte.ru,12/02/1974
Ernestus,Murdy,550-61-4225,709-499-4553,emurdypy@foxnews.com,01/29/2007
Jillayne,Adamsen,531-28-5018,479-416-4949,jadamsenpz@istockphoto.com,03/12/1949
Linn,Arnhold,817-98-0434,650-874-8384,larnholdq0@xrea.com,08/15/1967
Artus,Titcumb,250-95-7228,610-696-4214,atitcumbq1@stanford.edu,12/23/1925
Kath,Gimson,503-58-7371,612-364-7696,kgimsonq2@blog.com,12/21/2010
Cob,Skipworth,667-70-5336,919-465-9850,cskipworthq3@blogtalkradio.com,09/25/1958
Kellen,Scheffler,203-20-8580,164-655-4769,kschefflerq4@goo.gl,10/28/1917
Winnifred,Postans,236-98-9083,832-809-1841,wpostansq5@utexas.edu,09/20/1974
Gregorio,Burdge,356-94-6859,231-690-4090,gburdgeq6@about.com,10/24/2001
Jack,Birmingham,216-95-8219,960-848-7801,jbirminghamq7@nifty.com,05/21/2010
Jocelin,Bambrough,282-39-3884,873-107-5557,jbambroughq8@marketwatch.com,09/13/1907
Sandro,Johnikin,754-98-4955,100-353-1779,sjohnikinq9@goodreads.com,06/01/1946
Celinka,Zima,743-46-2544,171-763-8435,czimaqa@wikipedia.org,05/09/1909
Laryssa,Troucher,884-94-5429,756-218-4778,ltroucherqb@chicagotribune.com,10/30/1949
Aili,Daveren,319-77-3143,692-677-5190,adaverenqc@archive.org,12/06/2006
Georgette,Jakubski,862-27-8267,228-969-7239,gjakubskiqd@vistaprint.com,03/10/2000
Issy,Redwing,692-87-8621,679-343-5780,iredwingqe@histats.com,09/05/1983
Drud,Domokos,549-03-5121,242-980-3153,ddomokosqf@nifty.com,11/08/1985
Wallis,Glancey,236-65-4524,367-735-3875,wglanceyqg@dailymotion.com,09/29/1985
Charyl,Poultney,256-24-3093,934-386-3904,cpoultneyqh@archive.org,07/12/1996
Garrik,Corrado,513-46-3641,181-824-7219,gcorradoqi@trellian.com,02/18/2003
Reade,McCully,764-23-6466,508-492-4281,rmccullyqj@ihg.com,01/03/1902
Franky,Ouslem,221-93-5541,316-413-4075,fouslemqk@netlog.com,08/23/1961
Mortimer,Clawsley,495-84-0702,185-983-1459,mclawsleyql@statcounter.com,05/03/1958
Linnie,Sapsed,807-46-2089,413-507-7525,lsapsedqm@com.com,09/19/1921
Care,Undrill,631-44-9631,225-816-6987,cundrillqn@pen.io,09/09/1949
Angelina,McEniry,788-98-7644,892-113-4808,amceniryqo@com.com,12/31/1952
Town,Morrall,578-57-3313,284-395-6888,tmorrallqp@ezinearticles.com,11/30/1996
Crysta,Corss,552-04-8693,995-771-6673,ccorssqq@fda.gov,11/12/1952
Evangelia,Camacke,600-30-4739,158-738-2311,ecamackeqr@businesswire.com,11/09/1954
Tommi,Proven,155-90-3339,401-738-5656,tprovenqs@jugem.jp,04/26/1965
Doralyn,Bowgen,862-02-3942,671-558-6741,dbowgenqt@yahoo.com,10/09/1918
Lorri,Gabbitis,279-79-8465,969-357-5685,lgabbitisqu@alexa.com,06/06/2004
Clarette,Tocqueville,667-34-1804,700-260-6738,ctocquevilleqv@squarespace.com,01/27/1902
Cherise,Fullilove,575-78-8273,297-298-9695,cfulliloveqw@dmoz.org,02/26/2016
Jacquetta,Lucey,151-38-7951,562-391-0503,jluceyqx@diigo.com,10/21/1912
Regan,Pipet,447-67-9220,113-186-6988,rpipetqy@vkontakte.ru,10/13/1942
Dianne,Videler,208-32-6938,635-974-4481,dvidelerqz@moonfruit.com,03/22/2017
Catrina,Winterscale,743-42-3840,570-858-4185,cwinterscaler0@slideshare.net,10/02/1917
Edin,Eaton,164-06-8289,498-237-8078,eeatonr1@blogger.com,02/10/1969
Sephira,Cock,673-29-2091,473-469-4815,scockr2@redcross.org,10/08/1998
Rici,Keerl,266-63-8032,403-717-5294,rkeerlr3@columbia.edu,06/04/1905
Raven,Barnsley,505-40-8396,583-947-8975,rbarnsleyr4@redcross.org,02/25/1905
Rosabella,Shields,803-37-9285,299-363-9293,rshieldsr5@squidoo.com,09/14/1952
Jessica,Appleyard,743-16-2973,813-308-6377,jappleyardr6@123-reg.co.uk,03/14/1974
Sigismundo,Starrs,545-22-3533,195-323-4536,sstarrsr7@rakuten.co.jp,02/10/1978
Javier,Priver,160-03-4460,857-761-9588,jpriverr8@addthis.com,02/09/1979
Stan,Blumire,766-48-1515,639-236-4578,sblumirer9@dailymotion.com,09/19/1938
Denney,Lazenby,736-77-0567,886-898-9774,dlazenbyra@aboutads.info,05/06/1993
Grange,Drysdale,422-33-6099,629-601-6156,gdrysdalerb@devhub.com,02/25/1929
Edie,Catherine,333-28-2369,156-630-8066,ecatherinerc@360.cn,11/15/2002
Bridgette,Somerfield,644-07-9846,945-552-8021,bsomerfieldrd@google.ca,08/14/1981
Marius,Westberg,846-96-6328,557-473-0704,mwestbergre@foxnews.com,03/31/1985
Ettie,Archard,275-13-8709,101-297-6332,earchardrf@berkeley.edu,01/20/1996
Zondra,McCrillis,492-58-9662,420-844-0418,zmccrillisrg@scientificamerican.com,11/29/1915
Coletta,Tiller,719-31-1722,283-867-0125,ctillerrh@homestead.com,10/28/1901
Nicolas,Thoresby,620-35-6814,462-150-5494,nthoresbyri@mayoclinic.com,02/14/1907
Baryram,Tuckwood,811-30-6142,130-110-2211,btuckwoodrj@newsvine.com,08/15/1972
Ailyn,Niesel,671-86-8727,368-999-0332,anieselrk@tinypic.com,04/26/1921
Gery,Rosenthal,272-89-1377,260-531-5953,grosenthalrl@slate.com,09/20/1909
Sarine,MacHostie,136-10-1113,649-342-4295,smachostierm@europa.eu,01/18/1912
Carlie,Lynn,520-40-3088,216-498-8092,clynnrn@storify.com,09/06/1911
Hobard,Frantzeni,103-62-9636,650-683-1383,hfrantzeniro@comsenz.com,12/11/1984
Valentine,Monshall,689-38-9607,878-938-9488,vmonshallrp@vkontakte.ru,08/20/1968
Elga,Camble,679-19-0541,790-488-5081,ecamblerq@google.it,01/06/1976
Herbert,Thornhill,390-99-6041,601-960-9839,hthornhillrr@businesswire.com,05/28/2010
